2026-09-21 10:57:38,608 [INFO] [System] QuestDB Writer Initialized on port 8812.
2026-09-21 10:57:38,910 [INFO] [System] Connected to Hyperliquid BTC Book & Funding
2026-09-21 10:57:38,916 [INFO] [System] Connected to Binance Spot BTCUSDT
2026-09-21 10:57:38,927 [INFO] [System] Connected to Binance Perp BTCUSDT
2026-09-21 10:57:38,927 [INFO] [System] Connected to Binance Funding BTCUSDT
2026-09-21 10:57:39,137 [WARNING] 🔥 ENTRY SIGNAL | Venue: Hyperliquid | Smoothed Basis: 4.66 bps | Net Yield: 8.17% | Spot: 81295.61 | Perp: 81333.50
2026-09-21 10:57:39,139 [WARNING] 🔥 ENTRY SIGNAL | Venue: Hyperliquid | Smoothed Basis: 4.66 bps | Net Yield: 8.17% | Spot: 81295.61 | Perp: 81333.50
2026-09-21 10:57:39,142 [WARNING] 🔥 ENTRY SIGNAL | Venue: Hyperliquid | Smoothed Basis: 4.66 bps | Net Yield: 8.17% | Spot: 81295.61 | Perp: 81333.50
2026-09-21 10:57:39,148 [WARNING] 🔥 ENTRY SIGNAL | Venue: Hyperliquid | Smoothed Basis: 4.66 bps | Net Yield: 8.17% | Spot: 81295.61 | Perp: 81333.50
2026-09-21 10:57:39,154 [WARNING] 🔥 ENTRY SIGNAL | Venue: Hyperliquid | Smoothed Basis: 4.66 bps | Net Yield: 8.17% | Spot: 81295.61 | Perp: 81333.50
2026-09-21 10:57:39,156 [WARNING] 🔥 ENTRY SIGNAL | Venue: Hyperliquid | Smoothed Basis: 4.66 bps | Net Yield: 8.17% | Spot: 81295.61 | Perp: 81333.50
2026-09-21 10:57:39,163 [WARNING] 🔥 ENTRY SIGNAL | Venue: Hyperliquid | Smoothed Basis: 4.66 bps | Net Yield: 8.17% | Spot: 81295.61 | Perp: 81333.50
2026-09-21 10:57:39,170 [WARNING] 🔥 ENTRY SIGNAL | Venue: Hyperliquid | Smoothed Basis: 4.66 bps | Net Yield: 8.17% | Spot: 81295.61 | Perp: 81333.50
2026-09-21 10:57:39,177 [WARNING] 🔥 ENTRY SIGNAL | Venue: Hyperliquid | Smoothed Basis: 4.66 bps | Net Yield: 8.17% | Spot: 81295.61 | Perp: 81333.50
2026-09-21 10:57:39,180 [WARNING] 🔥 ENTRY SIGNAL | Venue: Hyperliquid | Smoothed Basis: 4.66 bps | Net Yield: 8.17% | Spot: 81295.61 | Perp: 81333.50
2026-09-21 10:57:39,184 [WARNING] 🔥 ENTRY SIGNAL | Venue: Hyperliquid | Smoothed Basis: 4.66 bps | Net Yield: 8.17% | Spot: 81295.61 | Perp: 81333.50
2026-09-21 10:57:39,188 [WARNING] 🔥 ENTRY SIGNAL | Venue: Hyperliquid | Smoothed Basis: 4.66 bps | Net Yield: 8.17% | Spot: 81295.61 | Perp: 81333.50
2026-09-21 10:57:39,195 [WARNING] 🔥 ENTRY SIGNAL | Venue: Hyperliquid | Smoothed Basis: 0.19 bps | Net Yield: 8.17% | Spot: 81295.61 | Perp: 81333.50
2026-09-21 10:57:39,199 [WARNING] 🔥 ENTRY SIGNAL | Venue: Hyperliquid | Smoothed Basis: 0.19 bps | Net Yield: 8.17% | Spot: 81295.61 | Perp: 81333.50
2026-09-21 10:57:39,204 [WARNING] 🔥 ENTRY SIGNAL | Venue: Hyperliquid | Smoothed Basis: 0.19 bps | Net Yield: 8.17% | Spot: 81295.61 | Perp: 81333.50
2026-09-21 10:57:39,209 [WARNING] 🔥 ENTRY SIGNAL | Venue: Hyperliquid | Smoothed Basis: 0.19 bps | Net Yield: 8.17% | Spot: 81295.61 | Perp: 81333.50
2026-09-21 10:57:39,213 [WARNING] 🔥 ENTRY SIGNAL | Venue: Hyperliquid | Smoothed Basis: 0.19 bps | Net Yield: 8.17% | Spot: 81295.61 | Perp: 81333.50
2026-09-21 10:57:39,220 [WARNING] 🔥 ENTRY SIGNAL | Venue: Hyperliquid | Smoothed Basis: 0.19 bps | Net Yield: 8.17% | Spot: 81295.61 | Perp: 81333.50
2026-09-21 10:57:39,226 [WARNING] 🔥 ENTRY SIGNAL | Venue: Hyperliquid | Smoothed Basis: 0.19 bps | Net Yield: 8.17% | Spot: 81295.61 | Perp: 81333.50
2026-09-21 10:57:39,230 [WARNING] 🔥 ENTRY SIGNAL | Venue: Hyperliquid | Smoothed Basis: 0.19 bps | Net Yield: 8.17% | Spot: 81295.61 | Perp: 81333.50
2026-09-21 10:57:39,235 [WARNING] 🔥 ENTRY SIGNAL | Venue: Hyperliquid | Smoothed Basis: 0.19 bps | Net Yield: 8.17% | Spot: 81295.61 | Perp: 81333.50
2026-09-21 10:57:46,892 [WARNING] 🔥 ENTRY SIGNAL | Venue: Hyperliquid | Smoothed Basis: 0.12 bps | Net Yield: 8.17% | Spot: 81287.35 | Perp: 81331.50
2026-09-21 10:57:46,896 [WARNING] 🔥 ENTRY SIGNAL | Venue: Hyperliquid | Smoothed Basis: 0.35 bps | Net Yield: 8.17% | Spot: 81287.35 | Perp: 81331.50
2026-09-21 10:57:46,901 [WARNING] 🔥 ENTRY SIGNAL | Venue: Hyperliquid | Smoothed Basis: 0.39 bps | Net Yield: 8.17% | Spot: 81287.35 | Perp: 81331.50
2026-09-21 10:57:46,904 [WARNING] 🔥 ENTRY SIGNAL | Venue: Hyperliquid | Smoothed Basis: 0.43 bps | Net Yield: 8.17% | Spot: 81287.35 | Perp: 81331.50
2026-09-21 10:57:46,907 [WARNING] 🔥 ENTRY SIGNAL | Venue: Hyperliquid | Smoothed Basis: 0.46 bps | Net Yield: 8.17% | Spot: 81287.35 | Perp: 81331.50
2026-09-21 10:57:46,910 [WARNING] 🔥 ENTRY SIGNAL | Venue: Hyperliquid | Smoothed Basis: 0.50 bps | Net Yield: 8.17% | Spot: 81287.35 | Perp: 81331.50
2026-09-21 10:57:46,913 [WARNING] 🔥 ENTRY SIGNAL | Venue: Hyperliquid | Smoothed Basis: 0.53 bps | Net Yield: 8.17% | Spot: 81287.35 | Perp: 81331.50
2026-09-21 10:57:46,916 [WARNING] 🔥 ENTRY SIGNAL | Venue: Hyperliquid | Smoothed Basis: 0.57 bps | Net Yield: 8.17% | Spot: 81287.33 | Perp: 81331.50
2026-09-21 10:57:46,920 [WARNING] 🔥 ENTRY SIGNAL | Venue: Hyperliquid | Smoothed Basis: 0.60 bps | Net Yield: 8.17% | Spot: 81287.33 | Perp: 81331.50
2026-09-21 10:57:47,047 [WARNING] 🔥 ENTRY SIGNAL | Venue: Hyperliquid | Smoothed Basis: 0.01 bps | Net Yield: 8.17% | Spot: 81286.61 | Perp: 81331.50
2026-09-21 10:57:47,051 [WARNING] 🔥 ENTRY SIGNAL | Venue: Hyperliquid | Smoothed Basis: 0.20 bps | Net Yield: 8.17% | Spot: 81286.61 | Perp: 81331.50
2026-09-21 10:57:47,054 [WARNING] 🔥 ENTRY SIGNAL | Venue: Hyperliquid | Smoothed Basis: 0.39 bps | Net Yield: 8.17% | Spot: 81286.61 | Perp: 81331.50
2026-09-21 10:57:47,057 [WARNING] 🔥 ENTRY SIGNAL | Venue: Hyperliquid | Smoothed Basis: 0.58 bps | Net Yield: 8.17% | Spot: 81286.61 | Perp: 81331.50
2026-09-21 10:57:47,061 [WARNING] 🔥 ENTRY SIGNAL | Venue: Hyperliquid | Smoothed Basis: 0.77 bps | Net Yield: 8.17% | Spot: 81286.61 | Perp: 81331.50
2026-09-21 10:57:47,064 [WARNING] 🔥 ENTRY SIGNAL | Venue: Hyperliquid | Smoothed Basis: 0.77 bps | Net Yield: 8.17% | Spot: 81286.61 | Perp: 81331.50
2026-09-21 10:57:47,067 [WARNING] 🔥 ENTRY SIGNAL | Venue: Hyperliquid | Smoothed Basis: 0.78 bps | Net Yield: 8.17% | Spot: 81286.61 | Perp: 81331.50
2026-09-21 10:57:47,070 [WARNING] 🔥 ENTRY SIGNAL | Venue: Hyperliquid | Smoothed Basis: 0.78 bps | Net Yield: 8.17% | Spot: 81286.61 | Perp: 81331.50
2026-09-21 10:57:47,075 [WARNING] 🔥 ENTRY SIGNAL | Venue: Hyperliquid | Smoothed Basis: 0.78 bps | Net Yield: 8.17% | Spot: 81286.61 | Perp: 81331.50
2026-09-21 10:57:47,078 [WARNING] 🔥 ENTRY SIGNAL | Venue: Hyperliquid | Smoothed Basis: 0.79 bps | Net Yield: 8.17% | Spot: 81286.61 | Perp: 81331.50
2026-09-21 10:57:47,084 [WARNING] 🔥 ENTRY SIGNAL | Venue: Hyperliquid | Smoothed Basis: 0.79 bps | Net Yield: 8.17% | Spot: 81286.61 | Perp: 81331.50
2026-09-21 10:57:47,088 [WARNING] 🔥 ENTRY SIGNAL | Venue: Hyperliquid | Smoothed Basis: 0.79 bps | Net Yield: 8.17% | Spot: 81286.61 | Perp: 81331.50
2026-09-21 10:57:47,228 [WARNING] 🔥 ENTRY SIGNAL | Venue: Hyperliquid | Smoothed Basis: 0.04 bps | Net Yield: 8.17% | Spot: 81286.61 | Perp: 81331.50
2026-09-21 10:57:47,236 [WARNING] 🔥 ENTRY SIGNAL | Venue: Hyperliquid | Smoothed Basis: 0.23 bps | Net Yield: 8.17% | Spot: 81286.61 | Perp: 81331.50
2026-09-21 10:57:47,251 [WARNING] 🔥 ENTRY SIGNAL | Venue: Hyperliquid | Smoothed Basis: 0.42 bps | Net Yield: 8.17% | Spot: 81286.61 | Perp: 81331.50
2026-09-21 10:57:47,256 [WARNING] 🔥 ENTRY SIGNAL | Venue: Hyperliquid | Smoothed Basis: 0.61 bps | Net Yield: 8.17% | Spot: 81286.61 | Perp: 81331.50
2026-09-21 10:57:47,259 [WARNING] 🔥 ENTRY SIGNAL | Venue: Hyperliquid | Smoothed Basis: 0.80 bps | Net Yield: 8.17% | Spot: 81286.61 | Perp: 81331.50
2026-09-21 10:57:47,261 [WARNING] 🔥 ENTRY SIGNAL | Venue: Hyperliquid | Smoothed Basis: 0.80 bps | Net Yield: 8.17% | Spot: 81286.61 | Perp: 81331.50
2026-09-21 10:57:47,262 [WARNING] 🔥 ENTRY SIGNAL | Venue: Hyperliquid | Smoothed Basis: 0.80 bps | Net Yield: 8.17% | Spot: 81286.61 | Perp: 81331.50
2026-09-21 10:57:47,270 [WARNING] 🔥 ENTRY SIGNAL | Venue: Hyperliquid | Smoothed Basis: 0.80 bps | Net Yield: 8.17% | Spot: 81286.61 | Perp: 81331.50
2026-09-21 10:57:47,278 [WARNING] 🔥 ENTRY SIGNAL | Venue: Hyperliquid | Smoothed Basis: 0.80 bps | Net Yield: 8.17% | Spot: 81286.61 | Perp: 81331.50
2026-09-21 10:57:47,290 [WARNING] 🔥 ENTRY SIGNAL | Venue: Hyperliquid | Smoothed Basis: 0.80 bps | Net Yield: 8.17% | Spot: 81286.61 | Perp: 81331.50
2026-09-21 10:57:47,292 [WARNING] 🔥 ENTRY SIGNAL | Venue: Hyperliquid | Smoothed Basis: 0.80 bps | Net Yield: 8.17% | Spot: 81286.01 | Perp: 81331.50
2026-09-21 10:57:47,294 [WARNING] 🔥 ENTRY SIGNAL | Venue: Hyperliquid | Smoothed Basis: 0.80 bps | Net Yield: 8.17% | Spot: 81286.01 | Perp: 81331.50
2026-09-21 10:57:47,416 [WARNING] 🔥 ENTRY SIGNAL | Venue: Hyperliquid | Smoothed Basis: 0.03 bps | Net Yield: 8.17% | Spot: 81286.01 | Perp: 81331.50
2026-09-21 10:57:47,418 [WARNING] 🔥 ENTRY SIGNAL | Venue: Hyperliquid | Smoothed Basis: 0.22 bps | Net Yield: 8.17% | Spot: 81286.01 | Perp: 81331.50
2026-09-21 10:57:47,420 [WARNING] 🔥 ENTRY SIGNAL | Venue: Hyperliquid | Smoothed Basis: 0.41 bps | Net Yield: 8.17% | Spot: 81286.01 | Perp: 81331.50
2026-09-21 10:57:47,422 [WARNING] 🔥 ENTRY SIGNAL | Venue: Hyperliquid | Smoothed Basis: 0.60 bps | Net Yield: 8.17% | Spot: 81286.01 | Perp: 81331.50
2026-09-21 10:57:47,431 [WARNING] 🔥 ENTRY SIGNAL | Venue: Hyperliquid | Smoothed Basis: 0.80 bps | Net Yield: 8.17% | Spot: 81286.01 | Perp: 81331.50
2026-09-21 10:57:47,433 [WARNING] 🔥 ENTRY SIGNAL | Venue: Hyperliquid | Smoothed Basis: 0.80 bps | Net Yield: 8.17% | Spot: 81286.01 | Perp: 81331.50
2026-09-21 10:57:47,437 [WARNING] 🔥 ENTRY SIGNAL | Venue: Hyperliquid | Smoothed Basis: 0.80 bps | Net Yield: 8.17% | Spot: 81286.01 | Perp: 81331.50
2026-09-21 10:57:47,439 [WARNING] 🔥 ENTRY SIGNAL | Venue: Hyperliquid | Smoothed Basis: 0.80 bps | Net Yield: 8.17% | Spot: 81286.01 | Perp: 81331.50
2026-09-21 10:57:47,445 [WARNING] 🔥 ENTRY SIGNAL | Venue: Hyperliquid | Smoothed Basis: 0.80 bps | Net Yield: 8.17% | Spot: 81286.01 | Perp: 81331.50
2026-09-21 10:57:47,448 [WARNING] 🔥 ENTRY SIGNAL | Venue: Hyperliquid | Smoothed Basis: 0.80 bps | Net Yield: 8.17% | Spot: 81286.01 | Perp: 81331.50
2026-09-21 10:57:47,451 [WARNING] 🔥 ENTRY SIGNAL | Venue: Hyperliquid | Smoothed Basis: 0.80 bps | Net Yield: 8.17% | Spot: 81286.01 | Perp: 81331.50
2026-09-21 10:57:47,455 [WARNING] 🔥 ENTRY SIGNAL | Venue: Hyperliquid | Smoothed Basis: 0.80 bps | Net Yield: 8.17% | Spot: 81286.01 | Perp: 81331.50
2026-09-21 10:57:47,606 [WARNING] 🔥 ENTRY SIGNAL | Venue: Hyperliquid | Smoothed Basis: 0.03 bps | Net Yield: 8.17% | Spot: 81286.01 | Perp: 81331.50
2026-09-21 10:57:47,618 [WARNING] 🔥 ENTRY SIGNAL | Venue: Hyperliquid | Smoothed Basis: 0.22 bps | Net Yield: 8.17% | Spot: 81286.01 | Perp: 81331.50
2026-09-21 10:57:47,621 [WARNING] 🔥 ENTRY SIGNAL | Venue: Hyperliquid | Smoothed Basis: 0.41 bps | Net Yield: 8.17% | Spot: 81286.01 | Perp: 81331.50
2026-09-21 10:57:47,623 [WARNING] 🔥 ENTRY SIGNAL | Venue: Hyperliquid | Smoothed Basis: 0.60 bps | Net Yield: 8.17% | Spot: 81286.01 | Perp: 81331.50
2026-09-21 10:57:47,625 [WARNING] 🔥 ENTRY SIGNAL | Venue: Hyperliquid | Smoothed Basis: 0.80 bps | Net Yield: 8.17% | Spot: 81286.01 | Perp: 81331.50
2026-09-21 10:57:47,627 [WARNING] 🔥 ENTRY SIGNAL | Venue: Hyperliquid | Smoothed Basis: 0.80 bps | Net Yield: 8.17% | Spot: 81286.01 | Perp: 81331.50
2026-09-21 10:57:47,628 [WARNING] 🔥 ENTRY SIGNAL | Venue: Hyperliquid | Smoothed Basis: 0.80 bps | Net Yield: 8.17% | Spot: 81286.01 | Perp: 81331.50
2026-09-21 10:57:47,630 [WARNING] 🔥 ENTRY SIGNAL | Venue: Hyperliquid | Smoothed Basis: 0.80 bps | Net Yield: 8.17% | Spot: 81286.01 | Perp: 81331.50
2026-09-21 10:57:47,632 [WARNING] 🔥 ENTRY SIGNAL | Venue: Hyperliquid | Smoothed Basis: 0.80 bps | Net Yield: 8.17% | Spot: 81286.01 | Perp: 81331.50
2026-09-21 10:57:47,634 [WARNING] 🔥 ENTRY SIGNAL | Venue: Hyperliquid | Smoothed Basis: 0.80 bps | Net Yield: 8.17% | Spot: 81286.01 | Perp: 81331.50
2026-09-21 10:57:47,636 [WARNING] 🔥 ENTRY SIGNAL | Venue: Hyperliquid | Smoothed Basis: 0.80 bps | Net Yield: 8.17% | Spot: 81286.01 | Perp: 81331.50
2026-09-21 10:57:47,638 [WARNING] 🔥 ENTRY SIGNAL | Venue: Hyperliquid | Smoothed Basis: 0.80 bps | Net Yield: 8.17% | Spot: 81286.01 | Perp: 81331.50
2026-09-21 10:57:47,705 [WARNING] 🔥 ENTRY SIGNAL | Venue: Hyperliquid | Smoothed Basis: 0.17 bps | Net Yield: 8.17% | Spot: 81286.01 | Perp: 81331.50
2026-09-21 10:57:47,708 [WARNING] 🔥 ENTRY SIGNAL | Venue: Hyperliquid | Smoothed Basis: 0.36 bps | Net Yield: 8.17% | Spot: 81286.01 | Perp: 81331.50
2026-09-21 10:57:47,709 [WARNING] 🔥 ENTRY SIGNAL | Venue: Hyperliquid | Smoothed Basis: 0.55 bps | Net Yield: 8.17% | Spot: 81286.01 | Perp: 81331.50
2026-09-21 10:57:47,713 [WARNING] 🔥 ENTRY SIGNAL | Venue: Hyperliquid | Smoothed Basis: 0.75 bps | Net Yield: 8.17% | Spot: 81286.01 | Perp: 81331.50
2026-09-21 10:57:47,715 [WARNING] 🔥 ENTRY SIGNAL | Venue: Hyperliquid | Smoothed Basis: 0.75 bps | Net Yield: 8.17% | Spot: 81286.01 | Perp: 81331.50
2026-09-21 10:57:49,101 [WARNING] 🔥 ENTRY SIGNAL | Venue: Hyperliquid | Smoothed Basis: 0.19 bps | Net Yield: 8.17% | Spot: 81286.01 | Perp: 81331.50
2026-09-21 10:57:49,103 [WARNING] 🔥 ENTRY SIGNAL | Venue: Hyperliquid | Smoothed Basis: 0.39 bps | Net Yield: 8.17% | Spot: 81286.01 | Perp: 81331.50
2026-09-21 10:57:49,105 [WARNING] 🔥 ENTRY SIGNAL | Venue: Hyperliquid | Smoothed Basis: 0.39 bps | Net Yield: 8.17% | Spot: 81286.01 | Perp: 81331.50
2026-09-21 10:57:49,108 [WARNING] 🔥 ENTRY SIGNAL | Venue: Hyperliquid | Smoothed Basis: 0.39 bps | Net Yield: 8.17% | Spot: 81286.01 | Perp: 81331.50
2026-09-21 10:57:49,110 [WARNING] 🔥 ENTRY SIGNAL | Venue: Hyperliquid | Smoothed Basis: 0.39 bps | Net Yield: 8.17% | Spot: 81286.01 | Perp: 81331.50
2026-09-21 10:57:49,114 [WARNING] 🔥 ENTRY SIGNAL | Venue: Hyperliquid | Smoothed Basis: 0.39 bps | Net Yield: 8.17% | Spot: 81286.01 | Perp: 81331.50
2026-09-21 10:57:49,117 [WARNING] 🔥 ENTRY SIGNAL | Venue: Hyperliquid | Smoothed Basis: 0.39 bps | Net Yield: 8.17% | Spot: 81286.01 | Perp: 81331.50
2026-09-21 10:57:49,120 [WARNING] 🔥 ENTRY SIGNAL | Venue: Hyperliquid | Smoothed Basis: 0.39 bps | Net Yield: 8.17% | Spot: 81286.01 | Perp: 81331.50
2026-09-21 10:57:49,125 [WARNING] 🔥 ENTRY SIGNAL | Venue: Hyperliquid | Smoothed Basis: 0.39 bps | Net Yield: 8.17% | Spot: 81286.01 | Perp: 81331.50
2026-09-21 10:57:49,128 [WARNING] 🔥 ENTRY SIGNAL | Venue: Hyperliquid | Smoothed Basis: 0.39 bps | Net Yield: 8.17% | Spot: 81286.01 | Perp: 81331.50
2026-09-21 10:57:49,130 [WARNING] 🔥 ENTRY SIGNAL | Venue: Hyperliquid | Smoothed Basis: 0.39 bps | Net Yield: 8.17% | Spot: 81286.01 | Perp: 81331.50
2026-09-21 10:57:49,133 [WARNING] 🔥 ENTRY SIGNAL | Venue: Hyperliquid | Smoothed Basis: 0.39 bps | Net Yield: 8.17% | Spot: 81286.01 | Perp: 81331.50
2026-09-21 10:57:49,137 [WARNING] 🔥 ENTRY SIGNAL | Venue: Hyperliquid | Smoothed Basis: 0.39 bps | Net Yield: 8.17% | Spot: 81286.01 | Perp: 81331.50
2026-09-21 10:57:49,148 [WARNING] 🔥 ENTRY SIGNAL | Venue: Hyperliquid | Smoothed Basis: 0.39 bps | Net Yield: 8.17% | Spot: 81286.01 | Perp: 81331.50
2026-09-21 10:57:49,151 [WARNING] 🔥 ENTRY SIGNAL | Venue: Hyperliquid | Smoothed Basis: 0.39 bps | Net Yield: 8.17% | Spot: 81286.01 | Perp: 81331.50
2026-09-21 10:57:49,169 [WARNING] 🔥 ENTRY SIGNAL | Venue: Hyperliquid | Smoothed Basis: 0.39 bps | Net Yield: 8.17% | Spot: 81286.01 | Perp: 81331.50
2026-09-21 10:57:49,177 [WARNING] 🔥 ENTRY SIGNAL | Venue: Hyperliquid | Smoothed Basis: 0.39 bps | Net Yield: 8.17% | Spot: 81286.01 | Perp: 81331.50
2026-09-21 10:57:49,180 [WARNING] 🔥 ENTRY SIGNAL | Venue: Hyperliquid | Smoothed Basis: 0.39 bps | Net Yield: 8.17% | Spot: 81286.01 | Perp: 81331.50
2026-09-21 10:57:49,182 [WARNING] 🔥 ENTRY SIGNAL | Venue: Hyperliquid | Smoothed Basis: 0.39 bps | Net Yield: 8.17% | Spot: 81286.01 | Perp: 81331.50
2026-09-21 10:57:52,596 [WARNING] 🔥 ENTRY SIGNAL | Venue: Hyperliquid | Smoothed Basis: 0.08 bps | Net Yield: 8.17% | Spot: 81286.01 | Perp: 81321.50
2026-09-21 10:57:52,599 [WARNING] 🔥 ENTRY SIGNAL | Venue: Hyperliquid | Smoothed Basis: 0.08 bps | Net Yield: 8.17% | Spot: 81286.01 | Perp: 81321.50
2026-09-21 10:57:54,118 [WARNING] 🔥 ENTRY SIGNAL | Venue: Hyperliquid | Smoothed Basis: 0.02 bps | Net Yield: 8.17% | Spot: 81286.61 | Perp: 81331.50
2026-09-21 10:57:54,135 [WARNING] 🔥 ENTRY SIGNAL | Venue: Hyperliquid | Smoothed Basis: 0.20 bps | Net Yield: 8.17% | Spot: 81286.61 | Perp: 81331.50
2026-09-21 10:57:54,137 [WARNING] 🔥 ENTRY SIGNAL | Venue: Hyperliquid | Smoothed Basis: 0.39 bps | Net Yield: 8.17% | Spot: 81286.61 | Perp: 81331.50
2026-09-21 10:57:54,148 [WARNING] 🔥 ENTRY SIGNAL | Venue: Hyperliquid | Smoothed Basis: 0.57 bps | Net Yield: 8.17% | Spot: 81286.61 | Perp: 81331.50
2026-09-21 10:57:54,152 [WARNING] 🔥 ENTRY SIGNAL | Venue: Hyperliquid | Smoothed Basis: 0.57 bps | Net Yield: 8.17% | Spot: 81286.61 | Perp: 81331.50
2026-09-21 10:57:54,162 [WARNING] 🔥 ENTRY SIGNAL | Venue: Hyperliquid | Smoothed Basis: 0.56 bps | Net Yield: 8.17% | Spot: 81286.61 | Perp: 81331.50
2026-09-21 10:57:54,166 [WARNING] 🔥 ENTRY SIGNAL | Venue: Hyperliquid | Smoothed Basis: 0.56 bps | Net Yield: 8.17% | Spot: 81286.61 | Perp: 81331.50
2026-09-21 10:57:54,174 [WARNING] 🔥 ENTRY SIGNAL | Venue: Hyperliquid | Smoothed Basis: 0.74 bps | Net Yield: 8.17% | Spot: 81286.61 | Perp: 81331.50
2026-09-21 10:57:54,178 [WARNING] 🔥 ENTRY SIGNAL | Venue: Hyperliquid | Smoothed Basis: 0.92 bps | Net Yield: 8.17% | Spot: 81286.96 | Perp: 81331.50
2026-09-21 10:57:54,181 [WARNING] 🔥 ENTRY SIGNAL | Venue: Hyperliquid | Smoothed Basis: 0.92 bps | Net Yield: 8.17% | Spot: 81287.13 | Perp: 81331.50
2026-09-21 10:57:54,185 [WARNING] 🔥 ENTRY SIGNAL | Venue: Hyperliquid | Smoothed Basis: 0.91 bps | Net Yield: 8.17% | Spot: 81287.33 | Perp: 81331.50
2026-09-21 10:57:54,188 [WARNING] 🔥 ENTRY SIGNAL | Venue: Hyperliquid | Smoothed Basis: 0.91 bps | Net Yield: 8.17% | Spot: 81287.34 | Perp: 81331.50
2026-09-21 10:57:54,193 [WARNING] 🔥 ENTRY SIGNAL | Venue: Hyperliquid | Smoothed Basis: 0.90 bps | Net Yield: 8.17% | Spot: 81287.34 | Perp: 81331.50
2026-09-21 10:57:54,196 [WARNING] 🔥 ENTRY SIGNAL | Venue: Hyperliquid | Smoothed Basis: 0.89 bps | Net Yield: 8.17% | Spot: 81287.35 | Perp: 81331.50
2026-09-21 10:57:54,204 [WARNING] 🔥 ENTRY SIGNAL | Venue: Hyperliquid | Smoothed Basis: 0.88 bps | Net Yield: 8.17% | Spot: 81287.67 | Perp: 81331.50
2026-09-21 10:57:54,221 [WARNING] 🔥 ENTRY SIGNAL | Venue: Hyperliquid | Smoothed Basis: 0.87 bps | Net Yield: 8.17% | Spot: 81288.01 | Perp: 81331.50
2026-09-21 10:57:54,225 [WARNING] 🔥 ENTRY SIGNAL | Venue: Hyperliquid | Smoothed Basis: 0.86 bps | Net Yield: 8.17% | Spot: 81288.01 | Perp: 81331.50
2026-09-21 10:57:54,227 [WARNING] 🔥 ENTRY SIGNAL | Venue: Hyperliquid | Smoothed Basis: 0.85 bps | Net Yield: 8.17% | Spot: 81288.01 | Perp: 81331.50
2026-09-21 10:57:54,228 [WARNING] 🔥 ENTRY SIGNAL | Venue: Hyperliquid | Smoothed Basis: 0.84 bps | Net Yield: 8.17% | Spot: 81288.01 | Perp: 81331.50
2026-09-21 10:57:54,236 [WARNING] 🔥 ENTRY SIGNAL | Venue: Hyperliquid | Smoothed Basis: 0.82 bps | Net Yield: 8.17% | Spot: 81290.88 | Perp: 81331.50
2026-09-21 10:57:54,244 [WARNING] 🔥 ENTRY SIGNAL | Venue: Hyperliquid | Smoothed Basis: 0.79 bps | Net Yield: 8.17% | Spot: 81290.88 | Perp: 81331.50
2026-09-21 10:57:54,250 [WARNING] 🔥 ENTRY SIGNAL | Venue: Hyperliquid | Smoothed Basis: 0.77 bps | Net Yield: 8.17% | Spot: 81290.88 | Perp: 81331.50
2026-09-21 10:57:54,252 [WARNING] 🔥 ENTRY SIGNAL | Venue: Hyperliquid | Smoothed Basis: 0.75 bps | Net Yield: 8.17% | Spot: 81290.88 | Perp: 81331.50
2026-09-21 10:57:54,255 [WARNING] 🔥 ENTRY SIGNAL | Venue: Hyperliquid | Smoothed Basis: 0.72 bps | Net Yield: 8.17% | Spot: 81290.88 | Perp: 81331.50
2026-09-21 10:57:54,258 [WARNING] 🔥 ENTRY SIGNAL | Venue: Hyperliquid | Smoothed Basis: 0.70 bps | Net Yield: 8.17% | Spot: 81290.88 | Perp: 81331.50
2026-09-21 10:57:54,260 [WARNING] 🔥 ENTRY SIGNAL | Venue: Hyperliquid | Smoothed Basis: 0.68 bps | Net Yield: 8.17% | Spot: 81290.88 | Perp: 81331.50
2026-09-21 10:57:54,262 [WARNING] 🔥 ENTRY SIGNAL | Venue: Hyperliquid | Smoothed Basis: 0.66 bps | Net Yield: 8.17% | Spot: 81290.88 | Perp: 81331.50
2026-09-21 10:57:54,264 [WARNING] 🔥 ENTRY SIGNAL | Venue: Hyperliquid | Smoothed Basis: 0.64 bps | Net Yield: 8.17% | Spot: 81290.88 | Perp: 81331.50
2026-09-21 10:57:54,267 [WARNING] 🔥 ENTRY SIGNAL | Venue: Hyperliquid | Smoothed Basis: 0.62 bps | Net Yield: 8.17% | Spot: 81291.25 | Perp: 81331.50
2026-09-21 10:57:54,268 [WARNING] 🔥 ENTRY SIGNAL | Venue: Hyperliquid | Smoothed Basis: 0.59 bps | Net Yield: 8.17% | Spot: 81291.25 | Perp: 81331.50
2026-09-21 10:57:54,271 [WARNING] 🔥 ENTRY SIGNAL | Venue: Hyperliquid | Smoothed Basis: 0.57 bps | Net Yield: 8.17% | Spot: 81291.25 | Perp: 81331.50
2026-09-21 10:57:54,274 [WARNING] 🔥 ENTRY SIGNAL | Venue: Hyperliquid | Smoothed Basis: 0.55 bps | Net Yield: 8.17% | Spot: 81291.25 | Perp: 81331.50
2026-09-21 10:57:54,276 [WARNING] 🔥 ENTRY SIGNAL | Venue: Hyperliquid | Smoothed Basis: 0.53 bps | Net Yield: 8.17% | Spot: 81291.25 | Perp: 81331.50
2026-09-21 10:57:54,278 [WARNING] 🔥 ENTRY SIGNAL | Venue: Hyperliquid | Smoothed Basis: 0.51 bps | Net Yield: 8.17% | Spot: 81291.25 | Perp: 81331.50
2026-09-21 10:57:54,281 [WARNING] 🔥 ENTRY SIGNAL | Venue: Hyperliquid | Smoothed Basis: 0.49 bps | Net Yield: 8.17% | Spot: 81291.25 | Perp: 81331.50
2026-09-21 10:57:54,285 [WARNING] 🔥 ENTRY SIGNAL | Venue: Hyperliquid | Smoothed Basis: 0.47 bps | Net Yield: 8.17% | Spot: 81291.25 | Perp: 81331.50
2026-09-21 10:57:54,287 [WARNING] 🔥 ENTRY SIGNAL | Venue: Hyperliquid | Smoothed Basis: 0.45 bps | Net Yield: 8.17% | Spot: 81291.25 | Perp: 81331.50
2026-09-21 10:57:54,289 [WARNING] 🔥 ENTRY SIGNAL | Venue: Hyperliquid | Smoothed Basis: 0.43 bps | Net Yield: 8.17% | Spot: 81291.25 | Perp: 81331.50
2026-09-21 10:57:54,291 [WARNING] 🔥 ENTRY SIGNAL | Venue: Hyperliquid | Smoothed Basis: 0.41 bps | Net Yield: 8.17% | Spot: 81291.25 | Perp: 81331.50
2026-09-21 10:57:54,294 [WARNING] 🔥 ENTRY SIGNAL | Venue: Hyperliquid | Smoothed Basis: 0.39 bps | Net Yield: 8.17% | Spot: 81291.26 | Perp: 81331.50
2026-09-21 10:57:54,297 [WARNING] 🔥 ENTRY SIGNAL | Venue: Hyperliquid | Smoothed Basis: 0.37 bps | Net Yield: 8.17% | Spot: 81291.46 | Perp: 81331.50
2026-09-21 10:57:54,298 [WARNING] 🔥 ENTRY SIGNAL | Venue: Hyperliquid | Smoothed Basis: 0.36 bps | Net Yield: 8.17% | Spot: 81291.83 | Perp: 81331.50
2026-09-21 10:57:54,301 [WARNING] 🔥 ENTRY SIGNAL | Venue: Hyperliquid | Smoothed Basis: 0.34 bps | Net Yield: 8.17% | Spot: 81291.83 | Perp: 81331.50
2026-09-21 10:57:54,307 [WARNING] 🔥 ENTRY SIGNAL | Venue: Hyperliquid | Smoothed Basis: 0.32 bps | Net Yield: 8.17% | Spot: 81291.83 | Perp: 81331.50
2026-09-21 10:57:54,310 [WARNING] 🔥 ENTRY SIGNAL | Venue: Hyperliquid | Smoothed Basis: 0.31 bps | Net Yield: 8.17% | Spot: 81291.83 | Perp: 81331.50
2026-09-21 10:57:54,312 [WARNING] 🔥 ENTRY SIGNAL | Venue: Hyperliquid | Smoothed Basis: 0.31 bps | Net Yield: 8.17% | Spot: 81291.83 | Perp: 81331.50
2026-09-21 10:57:54,422 [WARNING] 🔥 ENTRY SIGNAL | Venue: Hyperliquid | Smoothed Basis: 0.17 bps | Net Yield: 8.17% | Spot: 81291.83 | Perp: 81331.50
2026-09-21 10:57:54,427 [WARNING] 🔥 ENTRY SIGNAL | Venue: Hyperliquid | Smoothed Basis: 0.36 bps | Net Yield: 8.17% | Spot: 81291.83 | Perp: 81331.50
2026-09-21 10:57:54,439 [WARNING] 🔥 ENTRY SIGNAL | Venue: Hyperliquid | Smoothed Basis: 0.36 bps | Net Yield: 8.17% | Spot: 81291.83 | Perp: 81331.50
2026-09-21 10:57:54,444 [WARNING] 🔥 ENTRY SIGNAL | Venue: Hyperliquid | Smoothed Basis: 0.36 bps | Net Yield: 8.17% | Spot: 81291.83 | Perp: 81331.50
2026-09-21 10:57:54,453 [WARNING] 🔥 ENTRY SIGNAL | Venue: Hyperliquid | Smoothed Basis: 0.36 bps | Net Yield: 8.17% | Spot: 81291.83 | Perp: 81331.50
2026-09-21 10:57:54,456 [WARNING] 🔥 ENTRY SIGNAL | Venue: Hyperliquid | Smoothed Basis: 0.36 bps | Net Yield: 8.17% | Spot: 81291.83 | Perp: 81331.50
2026-09-21 10:57:54,459 [WARNING] 🔥 ENTRY SIGNAL | Venue: Hyperliquid | Smoothed Basis: 0.36 bps | Net Yield: 8.17% | Spot: 81291.83 | Perp: 81331.50
2026-09-21 10:57:54,465 [WARNING] 🔥 ENTRY SIGNAL | Venue: Hyperliquid | Smoothed Basis: 0.36 bps | Net Yield: 8.17% | Spot: 81291.83 | Perp: 81331.50
2026-09-21 10:57:54,470 [WARNING] 🔥 ENTRY SIGNAL | Venue: Hyperliquid | Smoothed Basis: 0.36 bps | Net Yield: 8.17% | Spot: 81291.83 | Perp: 81331.50
2026-09-21 10:57:54,581 [WARNING] 🔥 ENTRY SIGNAL | Venue: Hyperliquid | Smoothed Basis: 0.16 bps | Net Yield: 8.17% | Spot: 81292.01 | Perp: 81331.50
2026-09-21 10:57:54,584 [WARNING] 🔥 ENTRY SIGNAL | Venue: Hyperliquid | Smoothed Basis: 0.34 bps | Net Yield: 8.17% | Spot: 81292.01 | Perp: 81331.50
2026-09-21 10:57:54,587 [WARNING] 🔥 ENTRY SIGNAL | Venue: Hyperliquid | Smoothed Basis: 0.34 bps | Net Yield: 8.17% | Spot: 81292.01 | Perp: 81331.50
2026-09-21 10:57:54,590 [WARNING] 🔥 ENTRY SIGNAL | Venue: Hyperliquid | Smoothed Basis: 0.34 bps | Net Yield: 8.17% | Spot: 81292.01 | Perp: 81331.50
2026-09-21 10:57:54,595 [WARNING] 🔥 ENTRY SIGNAL | Venue: Hyperliquid | Smoothed Basis: 0.34 bps | Net Yield: 8.17% | Spot: 81292.01 | Perp: 81331.50
2026-09-21 10:57:54,597 [WARNING] 🔥 ENTRY SIGNAL | Venue: Hyperliquid | Smoothed Basis: 0.34 bps | Net Yield: 8.17% | Spot: 81292.01 | Perp: 81331.50
2026-09-21 10:57:54,600 [WARNING] 🔥 ENTRY SIGNAL | Venue: Hyperliquid | Smoothed Basis: 0.34 bps | Net Yield: 8.17% | Spot: 81292.01 | Perp: 81331.50
2026-09-21 10:57:54,604 [WARNING] 🔥 ENTRY SIGNAL | Venue: Hyperliquid | Smoothed Basis: 0.34 bps | Net Yield: 8.17% | Spot: 81292.01 | Perp: 81331.50
2026-09-21 10:57:54,606 [WARNING] 🔥 ENTRY SIGNAL | Venue: Hyperliquid | Smoothed Basis: 0.34 bps | Net Yield: 8.17% | Spot: 81292.01 | Perp: 81331.50
2026-09-21 10:57:54,769 [WARNING] 🔥 ENTRY SIGNAL | Venue: Hyperliquid | Smoothed Basis: 0.15 bps | Net Yield: 8.17% | Spot: 81292.01 | Perp: 81331.50
2026-09-21 10:57:54,782 [WARNING] 🔥 ENTRY SIGNAL | Venue: Hyperliquid | Smoothed Basis: 0.33 bps | Net Yield: 8.17% | Spot: 81292.01 | Perp: 81331.50
2026-09-21 10:57:54,800 [WARNING] 🔥 ENTRY SIGNAL | Venue: Hyperliquid | Smoothed Basis: 0.33 bps | Net Yield: 8.17% | Spot: 81292.01 | Perp: 81331.50
2026-09-21 10:57:54,813 [WARNING] 🔥 ENTRY SIGNAL | Venue: Hyperliquid | Smoothed Basis: 0.33 bps | Net Yield: 8.17% | Spot: 81292.01 | Perp: 81331.50
2026-09-21 10:57:54,816 [WARNING] 🔥 ENTRY SIGNAL | Venue: Hyperliquid | Smoothed Basis: 0.33 bps | Net Yield: 8.17% | Spot: 81292.01 | Perp: 81331.50
2026-09-21 10:57:54,819 [WARNING] 🔥 ENTRY SIGNAL | Venue: Hyperliquid | Smoothed Basis: 0.33 bps | Net Yield: 8.17% | Spot: 81292.01 | Perp: 81331.50
2026-09-21 10:57:54,825 [WARNING] 🔥 ENTRY SIGNAL | Venue: Hyperliquid | Smoothed Basis: 0.33 bps | Net Yield: 8.17% | Spot: 81292.01 | Perp: 81331.50
2026-09-21 10:57:55,852 [WARNING] 🔥 ENTRY SIGNAL | Venue: Hyperliquid | Smoothed Basis: 0.10 bps | Net Yield: 8.17% | Spot: 81298.08 | Perp: 81331.50
2026-09-21 10:57:55,854 [WARNING] 🔥 ENTRY SIGNAL | Venue: Hyperliquid | Smoothed Basis: 0.23 bps | Net Yield: 8.17% | Spot: 81298.08 | Perp: 81331.50
2026-09-21 10:57:55,856 [WARNING] 🔥 ENTRY SIGNAL | Venue: Hyperliquid | Smoothed Basis: 0.21 bps | Net Yield: 8.17% | Spot: 81298.08 | Perp: 81331.50
2026-09-21 10:57:55,859 [WARNING] 🔥 ENTRY SIGNAL | Venue: Hyperliquid | Smoothed Basis: 0.19 bps | Net Yield: 8.17% | Spot: 81298.08 | Perp: 81331.50
2026-09-21 10:57:55,863 [WARNING] 🔥 ENTRY SIGNAL | Venue: Hyperliquid | Smoothed Basis: 0.17 bps | Net Yield: 8.17% | Spot: 81298.08 | Perp: 81331.50
2026-09-21 10:57:55,867 [WARNING] 🔥 ENTRY SIGNAL | Venue: Hyperliquid | Smoothed Basis: 0.17 bps | Net Yield: 8.17% | Spot: 81298.08 | Perp: 81331.50
2026-09-21 10:57:55,877 [WARNING] 🔥 ENTRY SIGNAL | Venue: Hyperliquid | Smoothed Basis: 0.16 bps | Net Yield: 8.17% | Spot: 81298.08 | Perp: 81331.50
2026-09-21 10:57:55,881 [WARNING] 🔥 ENTRY SIGNAL | Venue: Hyperliquid | Smoothed Basis: 0.15 bps | Net Yield: 8.17% | Spot: 81298.08 | Perp: 81331.50
2026-09-21 10:57:55,885 [WARNING] 🔥 ENTRY SIGNAL | Venue: Hyperliquid | Smoothed Basis: 0.15 bps | Net Yield: 8.17% | Spot: 81298.08 | Perp: 81331.50
2026-09-21 10:57:56,015 [WARNING] 🔥 ENTRY SIGNAL | Venue: Hyperliquid | Smoothed Basis: 0.01 bps | Net Yield: 8.17% | Spot: 81298.08 | Perp: 81331.50
2026-09-21 10:57:56,017 [WARNING] 🔥 ENTRY SIGNAL | Venue: Hyperliquid | Smoothed Basis: 0.17 bps | Net Yield: 8.17% | Spot: 81298.08 | Perp: 81331.50
2026-09-21 10:57:56,021 [WARNING] 🔥 ENTRY SIGNAL | Venue: Hyperliquid | Smoothed Basis: 0.17 bps | Net Yield: 8.17% | Spot: 81298.08 | Perp: 81331.50
2026-09-21 10:57:56,023 [WARNING] 🔥 ENTRY SIGNAL | Venue: Hyperliquid | Smoothed Basis: 0.17 bps | Net Yield: 8.17% | Spot: 81298.08 | Perp: 81331.50
2026-09-21 10:57:56,025 [WARNING] 🔥 ENTRY SIGNAL | Venue: Hyperliquid | Smoothed Basis: 0.17 bps | Net Yield: 8.17% | Spot: 81298.08 | Perp: 81331.50
2026-09-21 10:57:56,028 [WARNING] 🔥 ENTRY SIGNAL | Venue: Hyperliquid | Smoothed Basis: 0.17 bps | Net Yield: 8.17% | Spot: 81298.08 | Perp: 81331.50
2026-09-21 10:57:56,030 [WARNING] 🔥 ENTRY SIGNAL | Venue: Hyperliquid | Smoothed Basis: 0.17 bps | Net Yield: 8.17% | Spot: 81298.08 | Perp: 81331.50
2026-09-21 10:57:56,033 [WARNING] 🔥 ENTRY SIGNAL | Venue: Hyperliquid | Smoothed Basis: 0.17 bps | Net Yield: 8.17% | Spot: 81298.08 | Perp: 81331.50
2026-09-21 10:57:56,038 [WARNING] 🔥 ENTRY SIGNAL | Venue: Hyperliquid | Smoothed Basis: 0.17 bps | Net Yield: 8.17% | Spot: 81298.08 | Perp: 81331.50
2026-09-21 10:57:56,168 [WARNING] 🔥 ENTRY SIGNAL | Venue: Hyperliquid | Smoothed Basis: 0.12 bps | Net Yield: 8.17% | Spot: 81298.08 | Perp: 81331.50
2026-09-21 10:57:56,171 [WARNING] 🔥 ENTRY SIGNAL | Venue: Hyperliquid | Smoothed Basis: 0.28 bps | Net Yield: 8.17% | Spot: 81298.08 | Perp: 81331.50
2026-09-21 10:57:56,177 [WARNING] 🔥 ENTRY SIGNAL | Venue: Hyperliquid | Smoothed Basis: 0.28 bps | Net Yield: 8.17% | Spot: 81298.08 | Perp: 81331.50
2026-09-21 10:57:56,181 [WARNING] 🔥 ENTRY SIGNAL | Venue: Hyperliquid | Smoothed Basis: 0.28 bps | Net Yield: 8.17% | Spot: 81298.08 | Perp: 81331.50
2026-09-21 10:57:56,187 [WARNING] 🔥 ENTRY SIGNAL | Venue: Hyperliquid | Smoothed Basis: 0.28 bps | Net Yield: 8.17% | Spot: 81298.08 | Perp: 81331.50
2026-09-21 10:57:56,190 [WARNING] 🔥 ENTRY SIGNAL | Venue: Hyperliquid | Smoothed Basis: 0.28 bps | Net Yield: 8.17% | Spot: 81298.08 | Perp: 81331.50
2026-09-21 10:57:56,194 [WARNING] 🔥 ENTRY SIGNAL | Venue: Hyperliquid | Smoothed Basis: 0.28 bps | Net Yield: 8.17% | Spot: 81298.08 | Perp: 81331.50
2026-09-21 10:57:56,200 [WARNING] 🔥 ENTRY SIGNAL | Venue: Hyperliquid | Smoothed Basis: 0.28 bps | Net Yield: 8.17% | Spot: 81298.08 | Perp: 81331.50
2026-09-21 10:57:56,203 [WARNING] 🔥 ENTRY SIGNAL | Venue: Hyperliquid | Smoothed Basis: 0.28 bps | Net Yield: 8.17% | Spot: 81298.08 | Perp: 81331.50
2026-09-21 10:57:56,337 [WARNING] 🔥 ENTRY SIGNAL | Venue: Hyperliquid | Smoothed Basis: 0.13 bps | Net Yield: 8.17% | Spot: 81298.08 | Perp: 81331.50
2026-09-21 10:57:56,340 [WARNING] 🔥 ENTRY SIGNAL | Venue: Hyperliquid | Smoothed Basis: 0.29 bps | Net Yield: 8.17% | Spot: 81298.08 | Perp: 81331.50
2026-09-21 10:57:56,348 [WARNING] 🔥 ENTRY SIGNAL | Venue: Hyperliquid | Smoothed Basis: 0.29 bps | Net Yield: 8.17% | Spot: 81298.08 | Perp: 81331.50
2026-09-21 10:57:56,352 [WARNING] 🔥 ENTRY SIGNAL | Venue: Hyperliquid | Smoothed Basis: 0.29 bps | Net Yield: 8.17% | Spot: 81298.08 | Perp: 81331.50
2026-09-21 10:57:56,355 [WARNING] 🔥 ENTRY SIGNAL | Venue: Hyperliquid | Smoothed Basis: 0.29 bps | Net Yield: 8.17% | Spot: 81298.08 | Perp: 81331.50
2026-09-21 10:57:56,360 [WARNING] 🔥 ENTRY SIGNAL | Venue: Hyperliquid | Smoothed Basis: 0.29 bps | Net Yield: 8.17% | Spot: 81298.08 | Perp: 81331.50
2026-09-21 10:57:56,364 [WARNING] 🔥 ENTRY SIGNAL | Venue: Hyperliquid | Smoothed Basis: 0.29 bps | Net Yield: 8.17% | Spot: 81298.08 | Perp: 81331.50
2026-09-21 10:57:56,367 [WARNING] 🔥 ENTRY SIGNAL | Venue: Hyperliquid | Smoothed Basis: 0.29 bps | Net Yield: 8.17% | Spot: 81298.08 | Perp: 81331.50
2026-09-21 10:57:56,369 [WARNING] 🔥 ENTRY SIGNAL | Venue: Hyperliquid | Smoothed Basis: 0.29 bps | Net Yield: 8.17% | Spot: 81298.08 | Perp: 81331.50
2026-09-21 10:57:56,477 [WARNING] 🔥 ENTRY SIGNAL | Venue: Hyperliquid | Smoothed Basis: 0.13 bps | Net Yield: 8.17% | Spot: 81298.08 | Perp: 81331.50
2026-09-21 10:57:56,481 [WARNING] 🔥 ENTRY SIGNAL | Venue: Hyperliquid | Smoothed Basis: 0.29 bps | Net Yield: 8.17% | Spot: 81298.08 | Perp: 81331.50
2026-09-21 10:57:56,485 [WARNING] 🔥 ENTRY SIGNAL | Venue: Hyperliquid | Smoothed Basis: 0.29 bps | Net Yield: 8.17% | Spot: 81298.08 | Perp: 81331.50
2026-09-21 10:57:56,489 [WARNING] 🔥 ENTRY SIGNAL | Venue: Hyperliquid | Smoothed Basis: 0.29 bps | Net Yield: 8.17% | Spot: 81298.08 | Perp: 81331.50
2026-09-21 10:57:56,831 [WARNING] 🔥 ENTRY SIGNAL | Venue: Hyperliquid | Smoothed Basis: 0.07 bps | Net Yield: 8.17% | Spot: 81301.01 | Perp: 81331.50
2026-09-21 10:57:56,833 [WARNING] 🔥 ENTRY SIGNAL | Venue: Hyperliquid | Smoothed Basis: 0.06 bps | Net Yield: 8.17% | Spot: 81301.01 | Perp: 81331.50
2026-09-21 10:57:56,835 [WARNING] 🔥 ENTRY SIGNAL | Venue: Hyperliquid | Smoothed Basis: 0.04 bps | Net Yield: 8.17% | Spot: 81301.01 | Perp: 81331.50
2026-09-21 10:57:56,837 [WARNING] 🔥 ENTRY SIGNAL | Venue: Hyperliquid | Smoothed Basis: 0.03 bps | Net Yield: 8.17% | Spot: 81301.01 | Perp: 81331.50
2026-09-21 10:57:56,839 [WARNING] 🔥 ENTRY SIGNAL | Venue: Hyperliquid | Smoothed Basis: 0.01 bps | Net Yield: 8.17% | Spot: 81301.01 | Perp: 81331.50
2026-09-21 10:57:57,345 [WARNING] 🔥 ENTRY SIGNAL | Venue: Hyperliquid | Smoothed Basis: 0.02 bps | Net Yield: 8.17% | Spot: 81302.01 | Perp: 81331.50
2026-09-21 10:57:57,348 [WARNING] 🔥 ENTRY SIGNAL | Venue: Hyperliquid | Smoothed Basis: 0.15 bps | Net Yield: 8.17% | Spot: 81302.01 | Perp: 81331.50
2026-09-21 10:57:57,353 [WARNING] 🔥 ENTRY SIGNAL | Venue: Hyperliquid | Smoothed Basis: 0.14 bps | Net Yield: 8.17% | Spot: 81302.01 | Perp: 81331.50
2026-09-21 10:57:57,357 [WARNING] 🔥 ENTRY SIGNAL | Venue: Hyperliquid | Smoothed Basis: 0.14 bps | Net Yield: 8.17% | Spot: 81302.01 | Perp: 81331.50
2026-09-21 10:57:57,360 [WARNING] 🔥 ENTRY SIGNAL | Venue: Hyperliquid | Smoothed Basis: 0.27 bps | Net Yield: 8.17% | Spot: 81302.01 | Perp: 81331.50
2026-09-21 10:57:57,362 [WARNING] 🔥 ENTRY SIGNAL | Venue: Hyperliquid | Smoothed Basis: 0.26 bps | Net Yield: 8.17% | Spot: 81302.01 | Perp: 81331.50
2026-09-21 10:57:57,363 [WARNING] 🔥 ENTRY SIGNAL | Venue: Hyperliquid | Smoothed Basis: 0.26 bps | Net Yield: 8.17% | Spot: 81302.01 | Perp: 81331.50
2026-09-21 10:57:57,368 [WARNING] 🔥 ENTRY SIGNAL | Venue: Hyperliquid | Smoothed Basis: 0.26 bps | Net Yield: 8.17% | Spot: 81302.01 | Perp: 81331.50
2026-09-21 10:57:57,382 [WARNING] 🔥 ENTRY SIGNAL | Venue: Hyperliquid | Smoothed Basis: 0.26 bps | Net Yield: 8.17% | Spot: 81302.01 | Perp: 81331.50
2026-09-21 10:57:57,392 [WARNING] 🔥 ENTRY SIGNAL | Venue: Hyperliquid | Smoothed Basis: 0.26 bps | Net Yield: 8.17% | Spot: 81302.01 | Perp: 81331.50
2026-09-21 10:57:57,395 [WARNING] 🔥 ENTRY SIGNAL | Venue: Hyperliquid | Smoothed Basis: 0.26 bps | Net Yield: 8.17% | Spot: 81302.01 | Perp: 81331.50
2026-09-21 10:57:57,399 [WARNING] 🔥 ENTRY SIGNAL | Venue: Hyperliquid | Smoothed Basis: 0.26 bps | Net Yield: 8.17% | Spot: 81302.01 | Perp: 81331.50
2026-09-21 10:57:57,403 [WARNING] 🔥 ENTRY SIGNAL | Venue: Hyperliquid | Smoothed Basis: 0.26 bps | Net Yield: 8.17% | Spot: 81302.01 | Perp: 81331.50
2026-09-21 10:57:57,417 [WARNING] 🔥 ENTRY SIGNAL | Venue: Hyperliquid | Smoothed Basis: 0.26 bps | Net Yield: 8.17% | Spot: 81302.01 | Perp: 81331.50
2026-09-21 10:57:57,421 [WARNING] 🔥 ENTRY SIGNAL | Venue: Hyperliquid | Smoothed Basis: 0.26 bps | Net Yield: 8.17% | Spot: 81302.01 | Perp: 81331.50
2026-09-21 10:57:57,423 [WARNING] 🔥 ENTRY SIGNAL | Venue: Hyperliquid | Smoothed Basis: 0.26 bps | Net Yield: 8.17% | Spot: 81302.01 | Perp: 81331.50
2026-09-21 10:57:57,426 [WARNING] 🔥 ENTRY SIGNAL | Venue: Hyperliquid | Smoothed Basis: 0.26 bps | Net Yield: 8.17% | Spot: 81302.01 | Perp: 81331.50
2026-09-21 10:57:57,428 [WARNING] 🔥 ENTRY SIGNAL | Venue: Hyperliquid | Smoothed Basis: 0.26 bps | Net Yield: 8.17% | Spot: 81302.01 | Perp: 81331.50
2026-09-21 10:57:57,429 [WARNING] 🔥 ENTRY SIGNAL | Venue: Hyperliquid | Smoothed Basis: 0.26 bps | Net Yield: 8.17% | Spot: 81302.01 | Perp: 81331.50
2026-09-21 10:57:57,433 [WARNING] 🔥 ENTRY SIGNAL | Venue: Hyperliquid | Smoothed Basis: 0.26 bps | Net Yield: 8.17% | Spot: 81302.01 | Perp: 81331.50
2026-09-21 10:57:57,436 [WARNING] 🔥 ENTRY SIGNAL | Venue: Hyperliquid | Smoothed Basis: 0.26 bps | Net Yield: 8.17% | Spot: 81302.01 | Perp: 81331.50
2026-09-21 10:57:57,443 [WARNING] 🔥 ENTRY SIGNAL | Venue: Hyperliquid | Smoothed Basis: 0.26 bps | Net Yield: 8.17% | Spot: 81302.01 | Perp: 81331.50
2026-09-21 10:57:57,446 [WARNING] 🔥 ENTRY SIGNAL | Venue: Hyperliquid | Smoothed Basis: 0.26 bps | Net Yield: 8.17% | Spot: 81302.01 | Perp: 81331.50
2026-09-21 10:57:57,452 [WARNING] 🔥 ENTRY SIGNAL | Venue: Hyperliquid | Smoothed Basis: 0.26 bps | Net Yield: 8.17% | Spot: 81302.01 | Perp: 81331.50
2026-09-21 10:57:57,454 [WARNING] 🔥 ENTRY SIGNAL | Venue: Hyperliquid | Smoothed Basis: 0.26 bps | Net Yield: 8.17% | Spot: 81302.01 | Perp: 81331.50
2026-09-21 10:57:57,457 [WARNING] 🔥 ENTRY SIGNAL | Venue: Hyperliquid | Smoothed Basis: 0.26 bps | Net Yield: 8.17% | Spot: 81302.01 | Perp: 81331.50
2026-09-21 10:57:57,460 [WARNING] 🔥 ENTRY SIGNAL | Venue: Hyperliquid | Smoothed Basis: 0.26 bps | Net Yield: 8.17% | Spot: 81302.01 | Perp: 81331.50
2026-09-21 10:57:57,463 [WARNING] 🔥 ENTRY SIGNAL | Venue: Hyperliquid | Smoothed Basis: 0.26 bps | Net Yield: 8.17% | Spot: 81302.01 | Perp: 81331.50
2026-09-21 10:57:57,471 [WARNING] 🔥 ENTRY SIGNAL | Venue: Hyperliquid | Smoothed Basis: 0.26 bps | Net Yield: 8.17% | Spot: 81302.01 | Perp: 81331.50
2026-09-21 10:57:57,479 [WARNING] 🔥 ENTRY SIGNAL | Venue: Hyperliquid | Smoothed Basis: 0.26 bps | Net Yield: 8.17% | Spot: 81302.01 | Perp: 81331.50
2026-09-21 10:57:57,482 [WARNING] 🔥 ENTRY SIGNAL | Venue: Hyperliquid | Smoothed Basis: 0.26 bps | Net Yield: 8.17% | Spot: 81302.01 | Perp: 81331.50
2026-09-21 10:57:57,484 [WARNING] 🔥 ENTRY SIGNAL | Venue: Hyperliquid | Smoothed Basis: 0.26 bps | Net Yield: 8.17% | Spot: 81302.01 | Perp: 81331.50
2026-09-21 10:57:57,509 [WARNING] 🔥 ENTRY SIGNAL | Venue: Hyperliquid | Smoothed Basis: 0.26 bps | Net Yield: 8.17% | Spot: 81302.01 | Perp: 81331.50
2026-09-21 10:57:57,513 [WARNING] 🔥 ENTRY SIGNAL | Venue: Hyperliquid | Smoothed Basis: 0.26 bps | Net Yield: 8.17% | Spot: 81302.01 | Perp: 81331.50
2026-09-21 10:57:57,514 [WARNING] 🔥 ENTRY SIGNAL | Venue: Hyperliquid | Smoothed Basis: 0.26 bps | Net Yield: 8.17% | Spot: 81302.01 | Perp: 81331.50
2026-09-21 10:57:57,515 [WARNING] 🔥 ENTRY SIGNAL | Venue: Hyperliquid | Smoothed Basis: 0.26 bps | Net Yield: 8.17% | Spot: 81302.01 | Perp: 81331.50
2026-09-21 10:57:57,517 [WARNING] 🔥 ENTRY SIGNAL | Venue: Hyperliquid | Smoothed Basis: 0.26 bps | Net Yield: 8.17% | Spot: 81302.01 | Perp: 81331.50
2026-09-21 10:57:57,525 [WARNING] 🔥 ENTRY SIGNAL | Venue: Hyperliquid | Smoothed Basis: 0.26 bps | Net Yield: 8.17% | Spot: 81302.01 | Perp: 81331.50
2026-09-21 10:57:57,526 [WARNING] 🔥 ENTRY SIGNAL | Venue: Hyperliquid | Smoothed Basis: 0.26 bps | Net Yield: 8.17% | Spot: 81302.01 | Perp: 81331.50
2026-09-21 10:57:57,527 [WARNING] 🔥 ENTRY SIGNAL | Venue: Hyperliquid | Smoothed Basis: 0.26 bps | Net Yield: 8.17% | Spot: 81302.01 | Perp: 81331.50
2026-09-21 10:57:57,528 [WARNING] 🔥 ENTRY SIGNAL | Venue: Hyperliquid | Smoothed Basis: 0.26 bps | Net Yield: 8.17% | Spot: 81302.01 | Perp: 81331.50
2026-09-21 10:57:57,529 [WARNING] 🔥 ENTRY SIGNAL | Venue: Hyperliquid | Smoothed Basis: 0.26 bps | Net Yield: 8.17% | Spot: 81302.01 | Perp: 81331.50
2026-09-21 10:57:57,531 [WARNING] 🔥 ENTRY SIGNAL | Venue: Hyperliquid | Smoothed Basis: 0.26 bps | Net Yield: 8.17% | Spot: 81302.01 | Perp: 81331.50
2026-09-21 10:57:57,532 [WARNING] 🔥 ENTRY SIGNAL | Venue: Hyperliquid | Smoothed Basis: 0.26 bps | Net Yield: 8.17% | Spot: 81302.01 | Perp: 81331.50
2026-09-21 10:57:57,534 [WARNING] 🔥 ENTRY SIGNAL | Venue: Hyperliquid | Smoothed Basis: 0.26 bps | Net Yield: 8.17% | Spot: 81302.01 | Perp: 81331.50
2026-09-21 10:57:57,536 [WARNING] 🔥 ENTRY SIGNAL | Venue: Hyperliquid | Smoothed Basis: 0.26 bps | Net Yield: 8.17% | Spot: 81302.01 | Perp: 81331.50
2026-09-21 10:57:57,540 [WARNING] 🔥 ENTRY SIGNAL | Venue: Hyperliquid | Smoothed Basis: 0.26 bps | Net Yield: 8.17% | Spot: 81302.01 | Perp: 81331.50
2026-09-21 10:57:57,541 [WARNING] 🔥 ENTRY SIGNAL | Venue: Hyperliquid | Smoothed Basis: 0.26 bps | Net Yield: 8.17% | Spot: 81302.01 | Perp: 81331.50
2026-09-21 10:57:57,542 [WARNING] 🔥 ENTRY SIGNAL | Venue: Hyperliquid | Smoothed Basis: 0.26 bps | Net Yield: 8.17% | Spot: 81302.01 | Perp: 81331.50
2026-09-21 10:57:57,544 [WARNING] 🔥 ENTRY SIGNAL | Venue: Hyperliquid | Smoothed Basis: 0.26 bps | Net Yield: 8.17% | Spot: 81302.01 | Perp: 81331.50
2026-09-21 10:57:57,654 [WARNING] 🔥 ENTRY SIGNAL | Venue: Hyperliquid | Smoothed Basis: 0.08 bps | Net Yield: 8.17% | Spot: 81303.14 | Perp: 81331.50
2026-09-21 10:57:57,656 [WARNING] 🔥 ENTRY SIGNAL | Venue: Hyperliquid | Smoothed Basis: 0.20 bps | Net Yield: 8.17% | Spot: 81303.83 | Perp: 81331.50
2026-09-21 10:57:57,659 [WARNING] 🔥 ENTRY SIGNAL | Venue: Hyperliquid | Smoothed Basis: 0.19 bps | Net Yield: 8.17% | Spot: 81303.92 | Perp: 81331.50
2026-09-21 10:57:57,661 [WARNING] 🔥 ENTRY SIGNAL | Venue: Hyperliquid | Smoothed Basis: 0.18 bps | Net Yield: 8.17% | Spot: 81304.01 | Perp: 81331.50
2026-09-21 10:57:57,664 [WARNING] 🔥 ENTRY SIGNAL | Venue: Hyperliquid | Smoothed Basis: 0.17 bps | Net Yield: 8.17% | Spot: 81304.01 | Perp: 81331.50
2026-09-21 10:57:57,666 [WARNING] 🔥 ENTRY SIGNAL | Venue: Hyperliquid | Smoothed Basis: 0.16 bps | Net Yield: 8.17% | Spot: 81304.01 | Perp: 81331.50
2026-09-21 10:57:57,669 [WARNING] 🔥 ENTRY SIGNAL | Venue: Hyperliquid | Smoothed Basis: 0.15 bps | Net Yield: 8.17% | Spot: 81304.01 | Perp: 81331.50
2026-09-21 10:57:57,672 [WARNING] 🔥 ENTRY SIGNAL | Venue: Hyperliquid | Smoothed Basis: 0.14 bps | Net Yield: 8.17% | Spot: 81304.01 | Perp: 81331.50
2026-09-21 10:57:57,674 [WARNING] 🔥 ENTRY SIGNAL | Venue: Hyperliquid | Smoothed Basis: 0.13 bps | Net Yield: 8.17% | Spot: 81304.01 | Perp: 81331.50
2026-09-21 10:57:57,680 [WARNING] 🔥 ENTRY SIGNAL | Venue: Hyperliquid | Smoothed Basis: 0.12 bps | Net Yield: 8.17% | Spot: 81304.01 | Perp: 81331.50
2026-09-21 10:57:57,682 [WARNING] 🔥 ENTRY SIGNAL | Venue: Hyperliquid | Smoothed Basis: 0.12 bps | Net Yield: 8.17% | Spot: 81304.01 | Perp: 81331.50
2026-09-21 10:57:57,695 [WARNING] 🔥 ENTRY SIGNAL | Venue: Hyperliquid | Smoothed Basis: 0.10 bps | Net Yield: 8.17% | Spot: 81304.01 | Perp: 81331.50
2026-09-21 10:57:57,702 [WARNING] 🔥 ENTRY SIGNAL | Venue: Hyperliquid | Smoothed Basis: 0.09 bps | Net Yield: 8.17% | Spot: 81304.01 | Perp: 81331.50
2026-09-21 10:57:57,704 [WARNING] 🔥 ENTRY SIGNAL | Venue: Hyperliquid | Smoothed Basis: 0.09 bps | Net Yield: 8.17% | Spot: 81304.01 | Perp: 81331.50
2026-09-21 10:57:57,711 [WARNING] 🔥 ENTRY SIGNAL | Venue: Hyperliquid | Smoothed Basis: 0.08 bps | Net Yield: 8.17% | Spot: 81304.01 | Perp: 81331.50
2026-09-21 10:57:57,713 [WARNING] 🔥 ENTRY SIGNAL | Venue: Hyperliquid | Smoothed Basis: 0.07 bps | Net Yield: 8.17% | Spot: 81304.01 | Perp: 81331.50
2026-09-21 10:57:57,718 [WARNING] 🔥 ENTRY SIGNAL | Venue: Hyperliquid | Smoothed Basis: 0.06 bps | Net Yield: 8.17% | Spot: 81304.01 | Perp: 81331.50
2026-09-21 10:57:57,722 [WARNING] 🔥 ENTRY SIGNAL | Venue: Hyperliquid | Smoothed Basis: 0.05 bps | Net Yield: 8.17% | Spot: 81304.01 | Perp: 81331.50
2026-09-21 10:57:57,725 [WARNING] 🔥 ENTRY SIGNAL | Venue: Hyperliquid | Smoothed Basis: 0.05 bps | Net Yield: 8.17% | Spot: 81304.01 | Perp: 81331.50
2026-09-21 10:57:57,730 [WARNING] 🔥 ENTRY SIGNAL | Venue: Hyperliquid | Smoothed Basis: 0.04 bps | Net Yield: 8.17% | Spot: 81304.01 | Perp: 81331.50
2026-09-21 10:57:57,731 [WARNING] 🔥 ENTRY SIGNAL | Venue: Hyperliquid | Smoothed Basis: 0.04 bps | Net Yield: 8.17% | Spot: 81304.01 | Perp: 81331.50
2026-09-21 10:57:57,738 [WARNING] 🔥 ENTRY SIGNAL | Venue: Hyperliquid | Smoothed Basis: 0.03 bps | Net Yield: 8.17% | Spot: 81304.01 | Perp: 81331.50
2026-09-21 10:57:57,748 [WARNING] 🔥 ENTRY SIGNAL | Venue: Hyperliquid | Smoothed Basis: 0.03 bps | Net Yield: 8.17% | Spot: 81304.01 | Perp: 81331.50
2026-09-21 10:57:57,759 [WARNING] 🔥 ENTRY SIGNAL | Venue: Hyperliquid | Smoothed Basis: 0.02 bps | Net Yield: 8.17% | Spot: 81304.01 | Perp: 81331.50
2026-09-21 10:57:57,764 [WARNING] 🔥 ENTRY SIGNAL | Venue: Hyperliquid | Smoothed Basis: 0.02 bps | Net Yield: 8.17% | Spot: 81304.01 | Perp: 81331.50
2026-09-21 10:57:57,768 [WARNING] 🔥 ENTRY SIGNAL | Venue: Hyperliquid | Smoothed Basis: 0.02 bps | Net Yield: 8.17% | Spot: 81304.01 | Perp: 81331.50
2026-09-21 10:57:57,772 [WARNING] 🔥 ENTRY SIGNAL | Venue: Hyperliquid | Smoothed Basis: 0.01 bps | Net Yield: 8.17% | Spot: 81304.01 | Perp: 81331.50
2026-09-21 10:57:57,782 [WARNING] 🔥 ENTRY SIGNAL | Venue: Hyperliquid | Smoothed Basis: 0.01 bps | Net Yield: 8.17% | Spot: 81304.01 | Perp: 81331.50
2026-09-21 10:57:57,785 [WARNING] 🔥 ENTRY SIGNAL | Venue: Hyperliquid | Smoothed Basis: 0.01 bps | Net Yield: 8.17% | Spot: 81304.01 | Perp: 81331.50
2026-09-21 10:57:57,788 [WARNING] 🔥 ENTRY SIGNAL | Venue: Hyperliquid | Smoothed Basis: 0.01 bps | Net Yield: 8.17% | Spot: 81304.01 | Perp: 81331.50
2026-09-21 10:57:57,804 [WARNING] 🔥 ENTRY SIGNAL | Venue: Hyperliquid | Smoothed Basis: 0.01 bps | Net Yield: 8.17% | Spot: 81304.01 | Perp: 81331.50
2026-09-21 10:57:57,810 [WARNING] 🔥 ENTRY SIGNAL | Venue: Hyperliquid | Smoothed Basis: 0.01 bps | Net Yield: 8.17% | Spot: 81304.01 | Perp: 81331.50
2026-09-21 10:57:57,813 [WARNING] 🔥 ENTRY SIGNAL | Venue: Hyperliquid | Smoothed Basis: 0.01 bps | Net Yield: 8.17% | Spot: 81304.01 | Perp: 81331.50
2026-09-21 10:57:57,817 [WARNING] 🔥 ENTRY SIGNAL | Venue: Hyperliquid | Smoothed Basis: 0.01 bps | Net Yield: 8.17% | Spot: 81304.01 | Perp: 81331.50
2026-09-21 10:57:57,820 [WARNING] 🔥 ENTRY SIGNAL | Venue: Hyperliquid | Smoothed Basis: 0.01 bps | Net Yield: 8.17% | Spot: 81304.01 | Perp: 81331.50
2026-09-21 10:57:57,821 [WARNING] 🔥 ENTRY SIGNAL | Venue: Hyperliquid | Smoothed Basis: 0.01 bps | Net Yield: 8.17% | Spot: 81304.01 | Perp: 81331.50
2026-09-21 10:57:57,825 [WARNING] 🔥 ENTRY SIGNAL | Venue: Hyperliquid | Smoothed Basis: 0.01 bps | Net Yield: 8.17% | Spot: 81304.01 | Perp: 81331.50
2026-09-21 10:57:57,827 [WARNING] 🔥 ENTRY SIGNAL | Venue: Hyperliquid | Smoothed Basis: 0.01 bps | Net Yield: 8.17% | Spot: 81304.01 | Perp: 81331.50
2026-09-21 10:57:57,830 [WARNING] 🔥 ENTRY SIGNAL | Venue: Hyperliquid | Smoothed Basis: 0.01 bps | Net Yield: 8.17% | Spot: 81304.01 | Perp: 81331.50
2026-09-21 10:57:57,833 [WARNING] 🔥 ENTRY SIGNAL | Venue: Hyperliquid | Smoothed Basis: 0.01 bps | Net Yield: 8.17% | Spot: 81304.01 | Perp: 81331.50
2026-09-21 10:57:57,836 [WARNING] 🔥 ENTRY SIGNAL | Venue: Hyperliquid | Smoothed Basis: 0.01 bps | Net Yield: 8.17% | Spot: 81304.01 | Perp: 81331.50
2026-09-21 10:57:57,840 [WARNING] 🔥 ENTRY SIGNAL | Venue: Hyperliquid | Smoothed Basis: 0.01 bps | Net Yield: 8.17% | Spot: 81304.01 | Perp: 81331.50
2026-09-21 10:57:57,844 [WARNING] 🔥 ENTRY SIGNAL | Venue: Hyperliquid | Smoothed Basis: 0.01 bps | Net Yield: 8.17% | Spot: 81304.01 | Perp: 81331.50
2026-09-21 10:57:58,718 [WARNING] 🔥 ENTRY SIGNAL | Venue: Hyperliquid | Smoothed Basis: 0.14 bps | Net Yield: 8.17% | Spot: 81304.01 | Perp: 81351.50
2026-09-21 10:57:58,719 [WARNING] 🔥 ENTRY SIGNAL | Venue: Hyperliquid | Smoothed Basis: 0.33 bps | Net Yield: 8.17% | Spot: 81304.01 | Perp: 81351.50
2026-09-21 10:57:58,720 [WARNING] 🔥 ENTRY SIGNAL | Venue: Hyperliquid | Smoothed Basis: 0.51 bps | Net Yield: 8.17% | Spot: 81304.01 | Perp: 81351.50
2026-09-21 10:57:58,721 [WARNING] 🔥 ENTRY SIGNAL | Venue: Hyperliquid | Smoothed Basis: 0.69 bps | Net Yield: 8.17% | Spot: 81304.01 | Perp: 81351.50
2026-09-21 10:57:58,722 [WARNING] 🔥 ENTRY SIGNAL | Venue: Hyperliquid | Smoothed Basis: 0.69 bps | Net Yield: 8.17% | Spot: 81304.76 | Perp: 81351.50
2026-09-21 10:57:58,723 [WARNING] 🔥 ENTRY SIGNAL | Venue: Hyperliquid | Smoothed Basis: 0.87 bps | Net Yield: 8.17% | Spot: 81304.76 | Perp: 81351.50
2026-09-21 10:57:58,724 [WARNING] 🔥 ENTRY SIGNAL | Venue: Hyperliquid | Smoothed Basis: 1.05 bps | Net Yield: 8.17% | Spot: 81304.76 | Perp: 81351.50
2026-09-21 10:57:58,725 [WARNING] 🔥 ENTRY SIGNAL | Venue: Hyperliquid | Smoothed Basis: 1.23 bps | Net Yield: 8.17% | Spot: 81304.76 | Perp: 81351.50
2026-09-21 10:57:58,726 [WARNING] 🔥 ENTRY SIGNAL | Venue: Hyperliquid | Smoothed Basis: 1.23 bps | Net Yield: 8.17% | Spot: 81304.76 | Perp: 81351.50
2026-09-21 10:57:58,727 [WARNING] 🔥 ENTRY SIGNAL | Venue: Hyperliquid | Smoothed Basis: 1.22 bps | Net Yield: 8.17% | Spot: 81304.76 | Perp: 81351.50
2026-09-21 10:57:58,728 [WARNING] 🔥 ENTRY SIGNAL | Venue: Hyperliquid | Smoothed Basis: 1.22 bps | Net Yield: 8.17% | Spot: 81304.76 | Perp: 81351.50
2026-09-21 10:57:58,729 [WARNING] 🔥 ENTRY SIGNAL | Venue: Hyperliquid | Smoothed Basis: 1.22 bps | Net Yield: 8.17% | Spot: 81304.76 | Perp: 81351.50
2026-09-21 10:57:58,730 [WARNING] 🔥 ENTRY SIGNAL | Venue: Hyperliquid | Smoothed Basis: 1.21 bps | Net Yield: 8.17% | Spot: 81304.76 | Perp: 81351.50
2026-09-21 10:57:58,732 [WARNING] 🔥 ENTRY SIGNAL | Venue: Hyperliquid | Smoothed Basis: 1.21 bps | Net Yield: 8.17% | Spot: 81304.76 | Perp: 81351.50
2026-09-21 10:57:58,733 [WARNING] 🔥 ENTRY SIGNAL | Venue: Hyperliquid | Smoothed Basis: 1.20 bps | Net Yield: 8.17% | Spot: 81304.76 | Perp: 81351.50
2026-09-21 10:57:58,734 [WARNING] 🔥 ENTRY SIGNAL | Venue: Hyperliquid | Smoothed Basis: 1.20 bps | Net Yield: 8.17% | Spot: 81304.76 | Perp: 81351.50
2026-09-21 10:57:58,735 [WARNING] 🔥 ENTRY SIGNAL | Venue: Hyperliquid | Smoothed Basis: 1.20 bps | Net Yield: 8.17% | Spot: 81304.76 | Perp: 81351.50
2026-09-21 10:57:58,736 [WARNING] 🔥 ENTRY SIGNAL | Venue: Hyperliquid | Smoothed Basis: 1.19 bps | Net Yield: 8.17% | Spot: 81304.76 | Perp: 81351.50
2026-09-21 10:57:58,737 [WARNING] 🔥 ENTRY SIGNAL | Venue: Hyperliquid | Smoothed Basis: 1.19 bps | Net Yield: 8.17% | Spot: 81304.76 | Perp: 81351.50
2026-09-21 10:57:58,738 [WARNING] 🔥 ENTRY SIGNAL | Venue: Hyperliquid | Smoothed Basis: 1.19 bps | Net Yield: 8.17% | Spot: 81304.76 | Perp: 81351.50
2026-09-21 10:57:58,739 [WARNING] 🔥 ENTRY SIGNAL | Venue: Hyperliquid | Smoothed Basis: 1.18 bps | Net Yield: 8.17% | Spot: 81304.76 | Perp: 81351.50
2026-09-21 10:57:58,740 [WARNING] 🔥 ENTRY SIGNAL | Venue: Hyperliquid | Smoothed Basis: 1.18 bps | Net Yield: 8.17% | Spot: 81304.76 | Perp: 81351.50
2026-09-21 10:57:58,741 [WARNING] 🔥 ENTRY SIGNAL | Venue: Hyperliquid | Smoothed Basis: 1.17 bps | Net Yield: 8.17% | Spot: 81304.76 | Perp: 81351.50
2026-09-21 10:57:58,742 [WARNING] 🔥 ENTRY SIGNAL | Venue: Hyperliquid | Smoothed Basis: 1.17 bps | Net Yield: 8.17% | Spot: 81304.76 | Perp: 81351.50
2026-09-21 10:57:58,744 [WARNING] 🔥 ENTRY SIGNAL | Venue: Hyperliquid | Smoothed Basis: 1.17 bps | Net Yield: 8.17% | Spot: 81304.76 | Perp: 81351.50
2026-09-21 10:57:58,745 [WARNING] 🔥 ENTRY SIGNAL | Venue: Hyperliquid | Smoothed Basis: 1.16 bps | Net Yield: 8.17% | Spot: 81304.76 | Perp: 81351.50
2026-09-21 10:57:58,746 [WARNING] 🔥 ENTRY SIGNAL | Venue: Hyperliquid | Smoothed Basis: 1.16 bps | Net Yield: 8.17% | Spot: 81304.76 | Perp: 81351.50
2026-09-21 10:57:58,749 [WARNING] 🔥 ENTRY SIGNAL | Venue: Hyperliquid | Smoothed Basis: 1.16 bps | Net Yield: 8.17% | Spot: 81304.76 | Perp: 81351.50
2026-09-21 10:57:58,751 [WARNING] 🔥 ENTRY SIGNAL | Venue: Hyperliquid | Smoothed Basis: 1.15 bps | Net Yield: 8.17% | Spot: 81304.76 | Perp: 81351.50
2026-09-21 10:57:58,752 [WARNING] 🔥 ENTRY SIGNAL | Venue: Hyperliquid | Smoothed Basis: 1.15 bps | Net Yield: 8.17% | Spot: 81304.76 | Perp: 81351.50
2026-09-21 10:57:58,754 [WARNING] 🔥 ENTRY SIGNAL | Venue: Hyperliquid | Smoothed Basis: 1.15 bps | Net Yield: 8.17% | Spot: 81304.76 | Perp: 81351.50
2026-09-21 10:57:58,755 [WARNING] 🔥 ENTRY SIGNAL | Venue: Hyperliquid | Smoothed Basis: 1.15 bps | Net Yield: 8.17% | Spot: 81304.76 | Perp: 81351.50
2026-09-21 10:57:58,756 [WARNING] 🔥 ENTRY SIGNAL | Venue: Hyperliquid | Smoothed Basis: 1.15 bps | Net Yield: 8.17% | Spot: 81304.76 | Perp: 81351.50
2026-09-21 10:57:58,758 [WARNING] 🔥 ENTRY SIGNAL | Venue: Hyperliquid | Smoothed Basis: 1.15 bps | Net Yield: 8.17% | Spot: 81304.76 | Perp: 81351.50
2026-09-21 10:57:58,759 [WARNING] 🔥 ENTRY SIGNAL | Venue: Hyperliquid | Smoothed Basis: 1.15 bps | Net Yield: 8.17% | Spot: 81304.76 | Perp: 81351.50
2026-09-21 10:57:58,760 [WARNING] 🔥 ENTRY SIGNAL | Venue: Hyperliquid | Smoothed Basis: 1.15 bps | Net Yield: 8.17% | Spot: 81304.76 | Perp: 81351.50
2026-09-21 10:57:58,761 [WARNING] 🔥 ENTRY SIGNAL | Venue: Hyperliquid | Smoothed Basis: 1.15 bps | Net Yield: 8.17% | Spot: 81304.76 | Perp: 81351.50
2026-09-21 10:57:58,762 [WARNING] 🔥 ENTRY SIGNAL | Venue: Hyperliquid | Smoothed Basis: 1.15 bps | Net Yield: 8.17% | Spot: 81304.76 | Perp: 81351.50
2026-09-21 10:57:58,765 [WARNING] 🔥 ENTRY SIGNAL | Venue: Hyperliquid | Smoothed Basis: 1.15 bps | Net Yield: 8.17% | Spot: 81304.76 | Perp: 81351.50
2026-09-21 10:57:58,766 [WARNING] 🔥 ENTRY SIGNAL | Venue: Hyperliquid | Smoothed Basis: 1.15 bps | Net Yield: 8.17% | Spot: 81304.76 | Perp: 81351.50
2026-09-21 10:57:58,767 [WARNING] 🔥 ENTRY SIGNAL | Venue: Hyperliquid | Smoothed Basis: 1.15 bps | Net Yield: 8.17% | Spot: 81304.76 | Perp: 81351.50
2026-09-21 10:57:58,768 [WARNING] 🔥 ENTRY SIGNAL | Venue: Hyperliquid | Smoothed Basis: 1.15 bps | Net Yield: 8.17% | Spot: 81304.76 | Perp: 81351.50
2026-09-21 10:57:58,770 [WARNING] 🔥 ENTRY SIGNAL | Venue: Hyperliquid | Smoothed Basis: 1.15 bps | Net Yield: 8.17% | Spot: 81304.76 | Perp: 81351.50
2026-09-21 10:57:58,771 [WARNING] 🔥 ENTRY SIGNAL | Venue: Hyperliquid | Smoothed Basis: 1.15 bps | Net Yield: 8.17% | Spot: 81304.76 | Perp: 81351.50
2026-09-21 10:57:58,773 [WARNING] 🔥 ENTRY SIGNAL | Venue: Hyperliquid | Smoothed Basis: 1.15 bps | Net Yield: 8.17% | Spot: 81304.76 | Perp: 81351.50
2026-09-21 10:57:58,775 [WARNING] 🔥 ENTRY SIGNAL | Venue: Hyperliquid | Smoothed Basis: 1.15 bps | Net Yield: 8.17% | Spot: 81304.76 | Perp: 81351.50
2026-09-21 10:57:58,776 [WARNING] 🔥 ENTRY SIGNAL | Venue: Hyperliquid | Smoothed Basis: 1.15 bps | Net Yield: 8.17% | Spot: 81304.76 | Perp: 81351.50
2026-09-21 10:57:58,778 [WARNING] 🔥 ENTRY SIGNAL | Venue: Hyperliquid | Smoothed Basis: 1.15 bps | Net Yield: 8.17% | Spot: 81304.76 | Perp: 81351.50
2026-09-21 10:57:58,779 [WARNING] 🔥 ENTRY SIGNAL | Venue: Hyperliquid | Smoothed Basis: 1.15 bps | Net Yield: 8.17% | Spot: 81304.76 | Perp: 81351.50
2026-09-21 10:57:58,780 [WARNING] 🔥 ENTRY SIGNAL | Venue: Hyperliquid | Smoothed Basis: 1.15 bps | Net Yield: 8.17% | Spot: 81304.76 | Perp: 81351.50
2026-09-21 10:57:58,782 [WARNING] 🔥 ENTRY SIGNAL | Venue: Hyperliquid | Smoothed Basis: 1.15 bps | Net Yield: 8.17% | Spot: 81304.76 | Perp: 81351.50
2026-09-21 10:57:58,784 [WARNING] 🔥 ENTRY SIGNAL | Venue: Hyperliquid | Smoothed Basis: 1.15 bps | Net Yield: 8.17% | Spot: 81304.76 | Perp: 81351.50
2026-09-21 10:57:58,787 [WARNING] 🔥 ENTRY SIGNAL | Venue: Hyperliquid | Smoothed Basis: 1.15 bps | Net Yield: 8.17% | Spot: 81304.76 | Perp: 81351.50
2026-09-21 10:57:58,789 [WARNING] 🔥 ENTRY SIGNAL | Venue: Hyperliquid | Smoothed Basis: 1.15 bps | Net Yield: 8.17% | Spot: 81304.76 | Perp: 81351.50
2026-09-21 10:57:58,792 [WARNING] 🔥 ENTRY SIGNAL | Venue: Hyperliquid | Smoothed Basis: 1.15 bps | Net Yield: 8.17% | Spot: 81304.76 | Perp: 81351.50
2026-09-21 10:57:58,795 [WARNING] 🔥 ENTRY SIGNAL | Venue: Hyperliquid | Smoothed Basis: 1.15 bps | Net Yield: 8.17% | Spot: 81304.76 | Perp: 81351.50
2026-09-21 10:57:58,799 [WARNING] 🔥 ENTRY SIGNAL | Venue: Hyperliquid | Smoothed Basis: 1.15 bps | Net Yield: 8.17% | Spot: 81304.76 | Perp: 81351.50
2026-09-21 10:57:58,816 [WARNING] 🔥 ENTRY SIGNAL | Venue: Hyperliquid | Smoothed Basis: 0.39 bps | Net Yield: 8.17% | Spot: 81310.01 | Perp: 81351.50
2026-09-21 10:57:58,817 [WARNING] 🔥 ENTRY SIGNAL | Venue: Hyperliquid | Smoothed Basis: 0.37 bps | Net Yield: 8.17% | Spot: 81310.01 | Perp: 81351.50
2026-09-21 10:57:58,819 [WARNING] 🔥 ENTRY SIGNAL | Venue: Hyperliquid | Smoothed Basis: 0.34 bps | Net Yield: 8.17% | Spot: 81310.01 | Perp: 81351.50
2026-09-21 10:57:58,820 [WARNING] 🔥 ENTRY SIGNAL | Venue: Hyperliquid | Smoothed Basis: 0.31 bps | Net Yield: 8.17% | Spot: 81310.01 | Perp: 81351.50
2026-09-21 10:57:58,821 [WARNING] 🔥 ENTRY SIGNAL | Venue: Hyperliquid | Smoothed Basis: 0.29 bps | Net Yield: 8.17% | Spot: 81310.01 | Perp: 81351.50
2026-09-21 10:57:58,823 [WARNING] 🔥 ENTRY SIGNAL | Venue: Hyperliquid | Smoothed Basis: 0.26 bps | Net Yield: 8.17% | Spot: 81310.01 | Perp: 81351.50
2026-09-21 10:57:58,825 [WARNING] 🔥 ENTRY SIGNAL | Venue: Hyperliquid | Smoothed Basis: 0.24 bps | Net Yield: 8.17% | Spot: 81310.01 | Perp: 81351.50
2026-09-21 10:57:58,826 [WARNING] 🔥 ENTRY SIGNAL | Venue: Hyperliquid | Smoothed Basis: 0.21 bps | Net Yield: 8.17% | Spot: 81310.01 | Perp: 81351.50
2026-09-21 10:57:58,827 [WARNING] 🔥 ENTRY SIGNAL | Venue: Hyperliquid | Smoothed Basis: 0.18 bps | Net Yield: 8.17% | Spot: 81310.01 | Perp: 81351.50
2026-09-21 10:57:58,828 [WARNING] 🔥 ENTRY SIGNAL | Venue: Hyperliquid | Smoothed Basis: 0.16 bps | Net Yield: 8.17% | Spot: 81310.01 | Perp: 81351.50
2026-09-21 10:57:58,830 [WARNING] 🔥 ENTRY SIGNAL | Venue: Hyperliquid | Smoothed Basis: 0.13 bps | Net Yield: 8.17% | Spot: 81310.01 | Perp: 81351.50
2026-09-21 10:57:58,833 [WARNING] 🔥 ENTRY SIGNAL | Venue: Hyperliquid | Smoothed Basis: 0.11 bps | Net Yield: 8.17% | Spot: 81310.01 | Perp: 81351.50
2026-09-21 10:57:58,835 [WARNING] 🔥 ENTRY SIGNAL | Venue: Hyperliquid | Smoothed Basis: 0.08 bps | Net Yield: 8.17% | Spot: 81310.01 | Perp: 81351.50
2026-09-21 10:57:58,839 [WARNING] 🔥 ENTRY SIGNAL | Venue: Hyperliquid | Smoothed Basis: 0.06 bps | Net Yield: 8.17% | Spot: 81310.01 | Perp: 81351.50
2026-09-21 10:57:58,842 [WARNING] 🔥 ENTRY SIGNAL | Venue: Hyperliquid | Smoothed Basis: 0.03 bps | Net Yield: 8.17% | Spot: 81310.01 | Perp: 81351.50
2026-09-21 10:57:58,844 [WARNING] 🔥 ENTRY SIGNAL | Venue: Hyperliquid | Smoothed Basis: 0.00 bps | Net Yield: 8.17% | Spot: 81310.01 | Perp: 81351.50
2026-09-21 10:57:58,866 [WARNING] 🔥 ENTRY SIGNAL | Venue: Hyperliquid | Smoothed Basis: 0.03 bps | Net Yield: 8.17% | Spot: 81310.01 | Perp: 81351.50
2026-09-21 10:57:58,871 [WARNING] 🔥 ENTRY SIGNAL | Venue: Hyperliquid | Smoothed Basis: 0.19 bps | Net Yield: 8.17% | Spot: 81310.01 | Perp: 81351.50
2026-09-21 10:57:58,874 [WARNING] 🔥 ENTRY SIGNAL | Venue: Hyperliquid | Smoothed Basis: 0.35 bps | Net Yield: 8.17% | Spot: 81310.01 | Perp: 81351.50
2026-09-21 10:57:58,875 [WARNING] 🔥 ENTRY SIGNAL | Venue: Hyperliquid | Smoothed Basis: 0.51 bps | Net Yield: 8.17% | Spot: 81310.01 | Perp: 81351.50
2026-09-21 10:57:58,877 [WARNING] 🔥 ENTRY SIGNAL | Venue: Hyperliquid | Smoothed Basis: 0.51 bps | Net Yield: 8.17% | Spot: 81310.01 | Perp: 81351.50
2026-09-21 10:57:58,879 [WARNING] 🔥 ENTRY SIGNAL | Venue: Hyperliquid | Smoothed Basis: 0.51 bps | Net Yield: 8.17% | Spot: 81310.01 | Perp: 81351.50
2026-09-21 10:57:58,881 [WARNING] 🔥 ENTRY SIGNAL | Venue: Hyperliquid | Smoothed Basis: 0.51 bps | Net Yield: 8.17% | Spot: 81310.01 | Perp: 81351.50
2026-09-21 10:57:58,883 [WARNING] 🔥 ENTRY SIGNAL | Venue: Hyperliquid | Smoothed Basis: 0.51 bps | Net Yield: 8.17% | Spot: 81310.01 | Perp: 81351.50
2026-09-21 10:57:58,885 [WARNING] 🔥 ENTRY SIGNAL | Venue: Hyperliquid | Smoothed Basis: 0.51 bps | Net Yield: 8.17% | Spot: 81310.01 | Perp: 81351.50
2026-09-21 10:57:58,886 [WARNING] 🔥 ENTRY SIGNAL | Venue: Hyperliquid | Smoothed Basis: 0.51 bps | Net Yield: 8.17% | Spot: 81310.01 | Perp: 81351.50
2026-09-21 10:57:58,889 [WARNING] 🔥 ENTRY SIGNAL | Venue: Hyperliquid | Smoothed Basis: 0.51 bps | Net Yield: 8.17% | Spot: 81310.01 | Perp: 81351.50
2026-09-21 10:57:58,891 [WARNING] 🔥 ENTRY SIGNAL | Venue: Hyperliquid | Smoothed Basis: 0.51 bps | Net Yield: 8.17% | Spot: 81310.01 | Perp: 81351.50
2026-09-21 10:57:58,893 [WARNING] 🔥 ENTRY SIGNAL | Venue: Hyperliquid | Smoothed Basis: 0.51 bps | Net Yield: 8.17% | Spot: 81310.01 | Perp: 81351.50
2026-09-21 10:57:58,895 [WARNING] 🔥 ENTRY SIGNAL | Venue: Hyperliquid | Smoothed Basis: 0.51 bps | Net Yield: 8.17% | Spot: 81310.01 | Perp: 81351.50
2026-09-21 10:57:58,896 [WARNING] 🔥 ENTRY SIGNAL | Venue: Hyperliquid | Smoothed Basis: 0.51 bps | Net Yield: 8.17% | Spot: 81310.01 | Perp: 81351.50
2026-09-21 10:57:58,898 [WARNING] 🔥 ENTRY SIGNAL | Venue: Hyperliquid | Smoothed Basis: 0.51 bps | Net Yield: 8.17% | Spot: 81310.01 | Perp: 81351.50
2026-09-21 10:57:58,900 [WARNING] 🔥 ENTRY SIGNAL | Venue: Hyperliquid | Smoothed Basis: 0.51 bps | Net Yield: 8.17% | Spot: 81310.01 | Perp: 81351.50
2026-09-21 10:57:58,902 [WARNING] 🔥 ENTRY SIGNAL | Venue: Hyperliquid | Smoothed Basis: 0.51 bps | Net Yield: 8.17% | Spot: 81310.01 | Perp: 81351.50
2026-09-21 10:57:58,904 [WARNING] 🔥 ENTRY SIGNAL | Venue: Hyperliquid | Smoothed Basis: 0.51 bps | Net Yield: 8.17% | Spot: 81310.01 | Perp: 81351.50
2026-09-21 10:57:58,906 [WARNING] 🔥 ENTRY SIGNAL | Venue: Hyperliquid | Smoothed Basis: 0.51 bps | Net Yield: 8.17% | Spot: 81310.01 | Perp: 81351.50
2026-09-21 10:57:58,907 [WARNING] 🔥 ENTRY SIGNAL | Venue: Hyperliquid | Smoothed Basis: 0.51 bps | Net Yield: 8.17% | Spot: 81310.01 | Perp: 81351.50
2026-09-21 10:57:58,909 [WARNING] 🔥 ENTRY SIGNAL | Venue: Hyperliquid | Smoothed Basis: 0.51 bps | Net Yield: 8.17% | Spot: 81310.01 | Perp: 81351.50
2026-09-21 10:57:58,911 [WARNING] 🔥 ENTRY SIGNAL | Venue: Hyperliquid | Smoothed Basis: 0.51 bps | Net Yield: 8.17% | Spot: 81310.01 | Perp: 81351.50
2026-09-21 10:57:58,913 [WARNING] 🔥 ENTRY SIGNAL | Venue: Hyperliquid | Smoothed Basis: 0.51 bps | Net Yield: 8.17% | Spot: 81310.01 | Perp: 81351.50
2026-09-21 10:57:58,915 [WARNING] 🔥 ENTRY SIGNAL | Venue: Hyperliquid | Smoothed Basis: 0.51 bps | Net Yield: 8.17% | Spot: 81310.01 | Perp: 81351.50
2026-09-21 10:57:58,917 [WARNING] 🔥 ENTRY SIGNAL | Venue: Hyperliquid | Smoothed Basis: 0.51 bps | Net Yield: 8.17% | Spot: 81310.01 | Perp: 81351.50
2026-09-21 10:57:58,919 [WARNING] 🔥 ENTRY SIGNAL | Venue: Hyperliquid | Smoothed Basis: 0.51 bps | Net Yield: 8.17% | Spot: 81310.01 | Perp: 81351.50
2026-09-21 10:57:58,920 [WARNING] 🔥 ENTRY SIGNAL | Venue: Hyperliquid | Smoothed Basis: 0.51 bps | Net Yield: 8.17% | Spot: 81310.01 | Perp: 81351.50
2026-09-21 10:57:58,923 [WARNING] 🔥 ENTRY SIGNAL | Venue: Hyperliquid | Smoothed Basis: 0.51 bps | Net Yield: 8.17% | Spot: 81310.01 | Perp: 81351.50
2026-09-21 10:57:58,925 [WARNING] 🔥 ENTRY SIGNAL | Venue: Hyperliquid | Smoothed Basis: 0.51 bps | Net Yield: 8.17% | Spot: 81310.01 | Perp: 81351.50
2026-09-21 10:57:58,927 [WARNING] 🔥 ENTRY SIGNAL | Venue: Hyperliquid | Smoothed Basis: 0.51 bps | Net Yield: 8.17% | Spot: 81310.01 | Perp: 81351.50
2026-09-21 10:57:58,929 [WARNING] 🔥 ENTRY SIGNAL | Venue: Hyperliquid | Smoothed Basis: 0.51 bps | Net Yield: 8.17% | Spot: 81310.01 | Perp: 81351.50
2026-09-21 10:57:58,931 [WARNING] 🔥 ENTRY SIGNAL | Venue: Hyperliquid | Smoothed Basis: 0.51 bps | Net Yield: 8.17% | Spot: 81310.01 | Perp: 81351.50
2026-09-21 10:57:58,934 [WARNING] 🔥 ENTRY SIGNAL | Venue: Hyperliquid | Smoothed Basis: 0.51 bps | Net Yield: 8.17% | Spot: 81310.01 | Perp: 81351.50
2026-09-21 10:57:58,935 [WARNING] 🔥 ENTRY SIGNAL | Venue: Hyperliquid | Smoothed Basis: 0.51 bps | Net Yield: 8.17% | Spot: 81310.01 | Perp: 81351.50
2026-09-21 10:57:58,939 [WARNING] 🔥 ENTRY SIGNAL | Venue: Hyperliquid | Smoothed Basis: 0.51 bps | Net Yield: 8.17% | Spot: 81310.01 | Perp: 81351.50
2026-09-21 10:57:58,941 [WARNING] 🔥 ENTRY SIGNAL | Venue: Hyperliquid | Smoothed Basis: 0.51 bps | Net Yield: 8.17% | Spot: 81310.01 | Perp: 81351.50
2026-09-21 10:57:58,943 [WARNING] 🔥 ENTRY SIGNAL | Venue: Hyperliquid | Smoothed Basis: 0.51 bps | Net Yield: 8.17% | Spot: 81310.01 | Perp: 81351.50
2026-09-21 10:57:58,944 [WARNING] 🔥 ENTRY SIGNAL | Venue: Hyperliquid | Smoothed Basis: 0.51 bps | Net Yield: 8.17% | Spot: 81310.01 | Perp: 81351.50
2026-09-21 10:57:58,946 [WARNING] 🔥 ENTRY SIGNAL | Venue: Hyperliquid | Smoothed Basis: 0.51 bps | Net Yield: 8.17% | Spot: 81310.01 | Perp: 81351.50
2026-09-21 10:57:58,961 [WARNING] 🔥 ENTRY SIGNAL | Venue: Hyperliquid | Smoothed Basis: 0.51 bps | Net Yield: 8.17% | Spot: 81310.01 | Perp: 81351.50
2026-09-21 10:57:58,974 [WARNING] 🔥 ENTRY SIGNAL | Venue: Hyperliquid | Smoothed Basis: 0.51 bps | Net Yield: 8.17% | Spot: 81310.01 | Perp: 81351.50
2026-09-21 10:57:58,975 [WARNING] 🔥 ENTRY SIGNAL | Venue: Hyperliquid | Smoothed Basis: 0.51 bps | Net Yield: 8.17% | Spot: 81310.01 | Perp: 81351.50
2026-09-21 10:57:58,977 [WARNING] 🔥 ENTRY SIGNAL | Venue: Hyperliquid | Smoothed Basis: 0.51 bps | Net Yield: 8.17% | Spot: 81310.01 | Perp: 81351.50
2026-09-21 10:57:58,981 [WARNING] 🔥 ENTRY SIGNAL | Venue: Hyperliquid | Smoothed Basis: 0.51 bps | Net Yield: 8.17% | Spot: 81310.01 | Perp: 81351.50
2026-09-21 10:57:58,983 [WARNING] 🔥 ENTRY SIGNAL | Venue: Hyperliquid | Smoothed Basis: 0.51 bps | Net Yield: 8.17% | Spot: 81310.01 | Perp: 81351.50
2026-09-21 10:57:58,984 [WARNING] 🔥 ENTRY SIGNAL | Venue: Hyperliquid | Smoothed Basis: 0.51 bps | Net Yield: 8.17% | Spot: 81310.01 | Perp: 81351.50
2026-09-21 10:57:58,986 [WARNING] 🔥 ENTRY SIGNAL | Venue: Hyperliquid | Smoothed Basis: 0.51 bps | Net Yield: 8.17% | Spot: 81310.01 | Perp: 81351.50
2026-09-21 10:57:58,989 [WARNING] 🔥 ENTRY SIGNAL | Venue: Hyperliquid | Smoothed Basis: 0.51 bps | Net Yield: 8.17% | Spot: 81310.01 | Perp: 81351.50
2026-09-21 10:57:58,991 [WARNING] 🔥 ENTRY SIGNAL | Venue: Hyperliquid | Smoothed Basis: 0.51 bps | Net Yield: 8.17% | Spot: 81310.01 | Perp: 81351.50
2026-09-21 10:57:58,997 [WARNING] 🔥 ENTRY SIGNAL | Venue: Hyperliquid | Smoothed Basis: 0.51 bps | Net Yield: 8.17% | Spot: 81310.01 | Perp: 81351.50
2026-09-21 10:57:59,002 [WARNING] 🔥 ENTRY SIGNAL | Venue: Hyperliquid | Smoothed Basis: 0.51 bps | Net Yield: 8.17% | Spot: 81310.01 | Perp: 81351.50
2026-09-21 10:57:59,007 [WARNING] 🔥 ENTRY SIGNAL | Venue: Hyperliquid | Smoothed Basis: 0.51 bps | Net Yield: 8.17% | Spot: 81310.01 | Perp: 81351.50
2026-09-21 10:57:59,010 [WARNING] 🔥 ENTRY SIGNAL | Venue: Hyperliquid | Smoothed Basis: 0.51 bps | Net Yield: 8.17% | Spot: 81310.01 | Perp: 81351.50
2026-09-21 10:57:59,012 [WARNING] 🔥 ENTRY SIGNAL | Venue: Hyperliquid | Smoothed Basis: 0.51 bps | Net Yield: 8.17% | Spot: 81310.01 | Perp: 81351.50
2026-09-21 10:57:59,016 [WARNING] 🔥 ENTRY SIGNAL | Venue: Hyperliquid | Smoothed Basis: 0.51 bps | Net Yield: 8.17% | Spot: 81310.01 | Perp: 81351.50
2026-09-21 10:57:59,017 [WARNING] 🔥 ENTRY SIGNAL | Venue: Hyperliquid | Smoothed Basis: 0.51 bps | Net Yield: 8.17% | Spot: 81310.01 | Perp: 81351.50
2026-09-21 10:57:59,020 [WARNING] 🔥 ENTRY SIGNAL | Venue: Hyperliquid | Smoothed Basis: 0.51 bps | Net Yield: 8.17% | Spot: 81310.01 | Perp: 81351.50
2026-09-21 10:57:59,031 [WARNING] 🔥 ENTRY SIGNAL | Venue: Hyperliquid | Smoothed Basis: 0.51 bps | Net Yield: 8.17% | Spot: 81310.01 | Perp: 81351.50
2026-09-21 10:57:59,034 [WARNING] 🔥 ENTRY SIGNAL | Venue: Hyperliquid | Smoothed Basis: 0.51 bps | Net Yield: 8.17% | Spot: 81310.01 | Perp: 81351.50
2026-09-21 10:57:59,036 [WARNING] 🔥 ENTRY SIGNAL | Venue: Hyperliquid | Smoothed Basis: 0.51 bps | Net Yield: 8.17% | Spot: 81310.01 | Perp: 81351.50
2026-09-21 10:57:59,045 [WARNING] 🔥 ENTRY SIGNAL | Venue: Hyperliquid | Smoothed Basis: 0.14 bps | Net Yield: 8.17% | Spot: 81310.01 | Perp: 81351.50
2026-09-21 10:57:59,050 [WARNING] 🔥 ENTRY SIGNAL | Venue: Hyperliquid | Smoothed Basis: 0.14 bps | Net Yield: 8.17% | Spot: 81310.01 | Perp: 81351.50
2026-09-21 10:57:59,054 [WARNING] 🔥 ENTRY SIGNAL | Venue: Hyperliquid | Smoothed Basis: 0.14 bps | Net Yield: 8.17% | Spot: 81310.01 | Perp: 81351.50
2026-09-21 10:57:59,058 [WARNING] 🔥 ENTRY SIGNAL | Venue: Hyperliquid | Smoothed Basis: 0.14 bps | Net Yield: 8.17% | Spot: 81310.01 | Perp: 81351.50
2026-09-21 10:57:59,060 [WARNING] 🔥 ENTRY SIGNAL | Venue: Hyperliquid | Smoothed Basis: 0.14 bps | Net Yield: 8.17% | Spot: 81310.01 | Perp: 81351.50
2026-09-21 10:57:59,062 [WARNING] 🔥 ENTRY SIGNAL | Venue: Hyperliquid | Smoothed Basis: 0.14 bps | Net Yield: 8.17% | Spot: 81310.01 | Perp: 81351.50
2026-09-21 10:58:00,525 [WARNING] 🔥 ENTRY SIGNAL | Venue: Hyperliquid | Smoothed Basis: 0.14 bps | Net Yield: 8.17% | Spot: 81310.01 | Perp: 81351.50
2026-09-21 10:58:00,528 [WARNING] 🔥 ENTRY SIGNAL | Venue: Hyperliquid | Smoothed Basis: 0.14 bps | Net Yield: 8.17% | Spot: 81310.01 | Perp: 81351.50
2026-09-21 10:58:00,536 [WARNING] 🔥 ENTRY SIGNAL | Venue: Hyperliquid | Smoothed Basis: 0.14 bps | Net Yield: 8.17% | Spot: 81310.01 | Perp: 81351.50
2026-09-21 10:58:00,540 [WARNING] 🔥 ENTRY SIGNAL | Venue: Hyperliquid | Smoothed Basis: 0.14 bps | Net Yield: 8.17% | Spot: 81310.01 | Perp: 81351.50
2026-09-21 10:58:00,675 [WARNING] 🔥 ENTRY SIGNAL | Venue: Hyperliquid | Smoothed Basis: 0.14 bps | Net Yield: 8.17% | Spot: 81310.01 | Perp: 81351.50
2026-09-21 10:58:03,685 [WARNING] 🔥 ENTRY SIGNAL | Venue: Hyperliquid | Smoothed Basis: 0.15 bps | Net Yield: 8.17% | Spot: 81310.01 | Perp: 81352.50
2026-09-21 10:58:03,688 [WARNING] 🔥 ENTRY SIGNAL | Venue: Hyperliquid | Smoothed Basis: 0.15 bps | Net Yield: 8.17% | Spot: 81310.01 | Perp: 81352.50
2026-09-21 10:58:03,692 [WARNING] 🔥 ENTRY SIGNAL | Venue: Hyperliquid | Smoothed Basis: 0.15 bps | Net Yield: 8.17% | Spot: 81310.01 | Perp: 81352.50
2026-09-21 10:58:03,703 [WARNING] 🔥 ENTRY SIGNAL | Venue: Hyperliquid | Smoothed Basis: 0.16 bps | Net Yield: 8.17% | Spot: 81310.01 | Perp: 81352.50
2026-09-21 10:58:03,709 [WARNING] 🔥 ENTRY SIGNAL | Venue: Hyperliquid | Smoothed Basis: 0.16 bps | Net Yield: 8.17% | Spot: 81310.01 | Perp: 81352.50
2026-09-21 10:58:03,714 [WARNING] 🔥 ENTRY SIGNAL | Venue: Hyperliquid | Smoothed Basis: 0.16 bps | Net Yield: 8.17% | Spot: 81310.01 | Perp: 81352.50
2026-09-21 10:58:03,720 [WARNING] 🔥 ENTRY SIGNAL | Venue: Hyperliquid | Smoothed Basis: 0.16 bps | Net Yield: 8.17% | Spot: 81310.01 | Perp: 81352.50
2026-09-21 10:58:03,734 [WARNING] 🔥 ENTRY SIGNAL | Venue: Hyperliquid | Smoothed Basis: 0.17 bps | Net Yield: 8.17% | Spot: 81310.01 | Perp: 81352.50
2026-09-21 10:58:03,738 [WARNING] 🔥 ENTRY SIGNAL | Venue: Hyperliquid | Smoothed Basis: 0.17 bps | Net Yield: 8.17% | Spot: 81310.01 | Perp: 81352.50
2026-09-21 10:58:03,747 [WARNING] 🔥 ENTRY SIGNAL | Venue: Hyperliquid | Smoothed Basis: 0.17 bps | Net Yield: 8.17% | Spot: 81310.01 | Perp: 81352.50
2026-09-21 10:58:04,207 [WARNING] 🔥 ENTRY SIGNAL | Venue: Hyperliquid | Smoothed Basis: 0.01 bps | Net Yield: 8.17% | Spot: 81310.01 | Perp: 81352.50
2026-09-21 10:58:04,208 [WARNING] 🔥 ENTRY SIGNAL | Venue: Hyperliquid | Smoothed Basis: 0.18 bps | Net Yield: 8.17% | Spot: 81310.01 | Perp: 81352.50
2026-09-21 10:58:04,210 [WARNING] 🔥 ENTRY SIGNAL | Venue: Hyperliquid | Smoothed Basis: 0.18 bps | Net Yield: 8.17% | Spot: 81310.01 | Perp: 81352.50
2026-09-21 10:58:04,211 [WARNING] 🔥 ENTRY SIGNAL | Venue: Hyperliquid | Smoothed Basis: 0.18 bps | Net Yield: 8.17% | Spot: 81310.01 | Perp: 81352.50
2026-09-21 10:58:04,214 [WARNING] 🔥 ENTRY SIGNAL | Venue: Hyperliquid | Smoothed Basis: 0.18 bps | Net Yield: 8.17% | Spot: 81310.01 | Perp: 81352.50
2026-09-21 10:58:04,216 [WARNING] 🔥 ENTRY SIGNAL | Venue: Hyperliquid | Smoothed Basis: 0.18 bps | Net Yield: 8.17% | Spot: 81310.01 | Perp: 81352.50
2026-09-21 10:58:04,348 [WARNING] 🔥 ENTRY SIGNAL | Venue: Hyperliquid | Smoothed Basis: 0.01 bps | Net Yield: 8.17% | Spot: 81310.01 | Perp: 81352.50
2026-09-21 10:58:04,350 [WARNING] 🔥 ENTRY SIGNAL | Venue: Hyperliquid | Smoothed Basis: 0.18 bps | Net Yield: 8.17% | Spot: 81310.01 | Perp: 81352.50
2026-09-21 10:58:04,351 [WARNING] 🔥 ENTRY SIGNAL | Venue: Hyperliquid | Smoothed Basis: 0.34 bps | Net Yield: 8.17% | Spot: 81310.01 | Perp: 81352.50
2026-09-21 10:58:04,460 [WARNING] 🔥 ENTRY SIGNAL | Venue: Hyperliquid | Smoothed Basis: 0.01 bps | Net Yield: 8.17% | Spot: 81310.01 | Perp: 81352.50
2026-09-21 10:58:04,462 [WARNING] 🔥 ENTRY SIGNAL | Venue: Hyperliquid | Smoothed Basis: 0.18 bps | Net Yield: 8.17% | Spot: 81310.01 | Perp: 81352.50
2026-09-21 10:58:04,463 [WARNING] 🔥 ENTRY SIGNAL | Venue: Hyperliquid | Smoothed Basis: 0.34 bps | Net Yield: 8.17% | Spot: 81310.01 | Perp: 81352.50
2026-09-21 10:58:04,465 [WARNING] 🔥 ENTRY SIGNAL | Venue: Hyperliquid | Smoothed Basis: 0.51 bps | Net Yield: 8.17% | Spot: 81310.01 | Perp: 81352.50
2026-09-21 10:58:04,467 [WARNING] 🔥 ENTRY SIGNAL | Venue: Hyperliquid | Smoothed Basis: 0.68 bps | Net Yield: 8.17% | Spot: 81310.01 | Perp: 81352.50
2026-09-21 10:58:04,841 [WARNING] 🔥 ENTRY SIGNAL | Venue: Hyperliquid | Smoothed Basis: 0.01 bps | Net Yield: 8.17% | Spot: 81310.01 | Perp: 81352.50
2026-09-21 10:58:05,100 [WARNING] 🔥 ENTRY SIGNAL | Venue: Hyperliquid | Smoothed Basis: 0.01 bps | Net Yield: 8.17% | Spot: 81310.01 | Perp: 81352.50
2026-09-21 10:58:05,102 [WARNING] 🔥 ENTRY SIGNAL | Venue: Hyperliquid | Smoothed Basis: 0.18 bps | Net Yield: 8.17% | Spot: 81310.01 | Perp: 81352.50
2026-09-21 10:58:05,527 [WARNING] 🔥 ENTRY SIGNAL | Venue: Hyperliquid | Smoothed Basis: 0.01 bps | Net Yield: 8.17% | Spot: 81310.01 | Perp: 81352.50
2026-09-21 10:58:05,716 [WARNING] 🔥 ENTRY SIGNAL | Venue: Hyperliquid | Smoothed Basis: 0.01 bps | Net Yield: 8.17% | Spot: 81310.01 | Perp: 81352.50
2026-09-21 10:58:05,718 [WARNING] 🔥 ENTRY SIGNAL | Venue: Hyperliquid | Smoothed Basis: 0.18 bps | Net Yield: 8.17% | Spot: 81310.01 | Perp: 81352.50
2026-09-21 10:58:05,720 [WARNING] 🔥 ENTRY SIGNAL | Venue: Hyperliquid | Smoothed Basis: 0.34 bps | Net Yield: 8.17% | Spot: 81310.01 | Perp: 81352.50
2026-09-21 10:58:05,765 [WARNING] 🔥 ENTRY SIGNAL | Venue: Hyperliquid | Smoothed Basis: 0.51 bps | Net Yield: 8.17% | Spot: 81310.01 | Perp: 81352.50
2026-09-21 10:58:05,767 [WARNING] 🔥 ENTRY SIGNAL | Venue: Hyperliquid | Smoothed Basis: 0.51 bps | Net Yield: 8.17% | Spot: 81310.01 | Perp: 81352.50
2026-09-21 10:58:05,770 [WARNING] 🔥 ENTRY SIGNAL | Venue: Hyperliquid | Smoothed Basis: 0.68 bps | Net Yield: 8.17% | Spot: 81310.01 | Perp: 81352.50
2026-09-21 10:58:05,787 [WARNING] 🔥 ENTRY SIGNAL | Venue: Hyperliquid | Smoothed Basis: 0.85 bps | Net Yield: 8.17% | Spot: 81310.01 | Perp: 81352.50
2026-09-21 10:58:05,796 [WARNING] 🔥 ENTRY SIGNAL | Venue: Hyperliquid | Smoothed Basis: 0.18 bps | Net Yield: 8.17% | Spot: 81310.01 | Perp: 81352.50
2026-09-21 10:58:08,697 [WARNING] 🔥 ENTRY SIGNAL | Venue: Hyperliquid | Smoothed Basis: 0.01 bps | Net Yield: 8.17% | Spot: 81310.01 | Perp: 81352.50
2026-09-21 10:58:10,219 [WARNING] 🔥 ENTRY SIGNAL | Venue: Hyperliquid | Smoothed Basis: 0.01 bps | Net Yield: 8.17% | Spot: 81310.01 | Perp: 81357.50
2026-09-21 10:58:11,504 [WARNING] 🔥 ENTRY SIGNAL | Venue: Hyperliquid | Smoothed Basis: 0.06 bps | Net Yield: 8.17% | Spot: 81310.01 | Perp: 81357.50
2026-09-21 10:58:11,509 [WARNING] 🔥 ENTRY SIGNAL | Venue: Hyperliquid | Smoothed Basis: 0.24 bps | Net Yield: 8.17% | Spot: 81310.01 | Perp: 81357.50
2026-09-21 10:58:11,513 [WARNING] 🔥 ENTRY SIGNAL | Venue: Hyperliquid | Smoothed Basis: 0.24 bps | Net Yield: 8.17% | Spot: 81310.01 | Perp: 81357.50
2026-09-21 10:58:11,539 [WARNING] 🔥 ENTRY SIGNAL | Venue: Hyperliquid | Smoothed Basis: 0.42 bps | Net Yield: 8.17% | Spot: 81310.01 | Perp: 81357.50
2026-09-21 10:58:11,541 [WARNING] 🔥 ENTRY SIGNAL | Venue: Hyperliquid | Smoothed Basis: 0.42 bps | Net Yield: 8.17% | Spot: 81310.01 | Perp: 81357.50
2026-09-21 10:58:11,543 [WARNING] 🔥 ENTRY SIGNAL | Venue: Hyperliquid | Smoothed Basis: 0.42 bps | Net Yield: 8.17% | Spot: 81310.01 | Perp: 81357.50
2026-09-21 10:58:11,545 [WARNING] 🔥 ENTRY SIGNAL | Venue: Hyperliquid | Smoothed Basis: 0.60 bps | Net Yield: 8.17% | Spot: 81310.01 | Perp: 81357.50
2026-09-21 10:58:11,546 [WARNING] 🔥 ENTRY SIGNAL | Venue: Hyperliquid | Smoothed Basis: 0.78 bps | Net Yield: 8.17% | Spot: 81310.01 | Perp: 81357.50
2026-09-21 10:58:11,758 [WARNING] 🔥 ENTRY SIGNAL | Venue: Hyperliquid | Smoothed Basis: 0.06 bps | Net Yield: 8.17% | Spot: 81310.01 | Perp: 81357.50
2026-09-21 10:58:11,760 [WARNING] 🔥 ENTRY SIGNAL | Venue: Hyperliquid | Smoothed Basis: 0.24 bps | Net Yield: 8.17% | Spot: 81310.01 | Perp: 81357.50
2026-09-21 10:58:11,761 [WARNING] 🔥 ENTRY SIGNAL | Venue: Hyperliquid | Smoothed Basis: 0.42 bps | Net Yield: 8.17% | Spot: 81310.01 | Perp: 81357.50
2026-09-21 10:58:11,766 [WARNING] 🔥 ENTRY SIGNAL | Venue: Hyperliquid | Smoothed Basis: 0.60 bps | Net Yield: 8.17% | Spot: 81310.01 | Perp: 81357.50
2026-09-21 10:58:11,775 [WARNING] 🔥 ENTRY SIGNAL | Venue: Hyperliquid | Smoothed Basis: 0.78 bps | Net Yield: 8.17% | Spot: 81310.01 | Perp: 81357.50
2026-09-21 10:58:11,785 [WARNING] 🔥 ENTRY SIGNAL | Venue: Hyperliquid | Smoothed Basis: 0.96 bps | Net Yield: 8.17% | Spot: 81310.01 | Perp: 81357.50
2026-09-21 10:58:11,786 [WARNING] 🔥 ENTRY SIGNAL | Venue: Hyperliquid | Smoothed Basis: 1.14 bps | Net Yield: 8.17% | Spot: 81310.01 | Perp: 81357.50
2026-09-21 10:58:11,792 [WARNING] 🔥 ENTRY SIGNAL | Venue: Hyperliquid | Smoothed Basis: 1.14 bps | Net Yield: 8.17% | Spot: 81310.01 | Perp: 81357.50
2026-09-21 10:58:11,800 [WARNING] 🔥 ENTRY SIGNAL | Venue: Hyperliquid | Smoothed Basis: 1.14 bps | Net Yield: 8.17% | Spot: 81310.01 | Perp: 81357.50
2026-09-21 10:58:11,803 [WARNING] 🔥 ENTRY SIGNAL | Venue: Hyperliquid | Smoothed Basis: 1.14 bps | Net Yield: 8.17% | Spot: 81310.01 | Perp: 81357.50
2026-09-21 10:58:11,810 [WARNING] 🔥 ENTRY SIGNAL | Venue: Hyperliquid | Smoothed Basis: 1.14 bps | Net Yield: 8.17% | Spot: 81310.01 | Perp: 81357.50
2026-09-21 10:58:11,813 [WARNING] 🔥 ENTRY SIGNAL | Venue: Hyperliquid | Smoothed Basis: 1.14 bps | Net Yield: 8.17% | Spot: 81310.01 | Perp: 81357.50
2026-09-21 10:58:11,817 [WARNING] 🔥 ENTRY SIGNAL | Venue: Hyperliquid | Smoothed Basis: 1.14 bps | Net Yield: 8.17% | Spot: 81310.01 | Perp: 81357.50
2026-09-21 10:58:11,821 [WARNING] 🔥 ENTRY SIGNAL | Venue: Hyperliquid | Smoothed Basis: 1.14 bps | Net Yield: 8.17% | Spot: 81310.01 | Perp: 81357.50
2026-09-21 10:58:11,824 [WARNING] 🔥 ENTRY SIGNAL | Venue: Hyperliquid | Smoothed Basis: 1.14 bps | Net Yield: 8.17% | Spot: 81310.01 | Perp: 81357.50
2026-09-21 10:58:11,847 [WARNING] 🔥 ENTRY SIGNAL | Venue: Hyperliquid | Smoothed Basis: 0.78 bps | Net Yield: 8.17% | Spot: 81310.01 | Perp: 81357.50
2026-09-21 10:58:11,850 [WARNING] 🔥 ENTRY SIGNAL | Venue: Hyperliquid | Smoothed Basis: 0.78 bps | Net Yield: 8.17% | Spot: 81310.01 | Perp: 81357.50
2026-09-21 10:58:11,857 [WARNING] 🔥 ENTRY SIGNAL | Venue: Hyperliquid | Smoothed Basis: 0.78 bps | Net Yield: 8.17% | Spot: 81310.01 | Perp: 81357.50
2026-09-21 10:58:11,860 [WARNING] 🔥 ENTRY SIGNAL | Venue: Hyperliquid | Smoothed Basis: 0.78 bps | Net Yield: 8.17% | Spot: 81310.01 | Perp: 81357.50
2026-09-21 10:58:11,866 [WARNING] 🔥 ENTRY SIGNAL | Venue: Hyperliquid | Smoothed Basis: 0.78 bps | Net Yield: 8.17% | Spot: 81310.01 | Perp: 81357.50
2026-09-21 10:58:11,869 [WARNING] 🔥 ENTRY SIGNAL | Venue: Hyperliquid | Smoothed Basis: 0.78 bps | Net Yield: 8.17% | Spot: 81310.01 | Perp: 81357.50
2026-09-21 10:58:11,870 [WARNING] 🔥 ENTRY SIGNAL | Venue: Hyperliquid | Smoothed Basis: 0.78 bps | Net Yield: 8.17% | Spot: 81310.01 | Perp: 81357.50
2026-09-21 10:58:11,875 [WARNING] 🔥 ENTRY SIGNAL | Venue: Hyperliquid | Smoothed Basis: 0.78 bps | Net Yield: 8.17% | Spot: 81310.01 | Perp: 81357.50
2026-09-21 10:58:11,878 [WARNING] 🔥 ENTRY SIGNAL | Venue: Hyperliquid | Smoothed Basis: 0.78 bps | Net Yield: 8.17% | Spot: 81310.01 | Perp: 81357.50
2026-09-21 10:58:11,879 [WARNING] 🔥 ENTRY SIGNAL | Venue: Hyperliquid | Smoothed Basis: 0.78 bps | Net Yield: 8.17% | Spot: 81310.01 | Perp: 81357.50
2026-09-21 10:58:11,886 [WARNING] 🔥 ENTRY SIGNAL | Venue: Hyperliquid | Smoothed Basis: 0.78 bps | Net Yield: 8.17% | Spot: 81310.01 | Perp: 81357.50
2026-09-21 10:58:11,892 [WARNING] 🔥 ENTRY SIGNAL | Venue: Hyperliquid | Smoothed Basis: 0.78 bps | Net Yield: 8.17% | Spot: 81310.01 | Perp: 81357.50
2026-09-21 10:58:11,900 [WARNING] 🔥 ENTRY SIGNAL | Venue: Hyperliquid | Smoothed Basis: 0.78 bps | Net Yield: 8.17% | Spot: 81310.01 | Perp: 81357.50
2026-09-21 10:58:12,819 [WARNING] 🔥 ENTRY SIGNAL | Venue: Hyperliquid | Smoothed Basis: 0.06 bps | Net Yield: 8.17% | Spot: 81310.01 | Perp: 81357.50
2026-09-21 10:58:12,829 [WARNING] 🔥 ENTRY SIGNAL | Venue: Hyperliquid | Smoothed Basis: 0.24 bps | Net Yield: 8.17% | Spot: 81310.01 | Perp: 81357.50
2026-09-21 10:58:12,836 [WARNING] 🔥 ENTRY SIGNAL | Venue: Hyperliquid | Smoothed Basis: 0.42 bps | Net Yield: 8.17% | Spot: 81310.01 | Perp: 81357.50
2026-09-21 10:58:12,840 [WARNING] 🔥 ENTRY SIGNAL | Venue: Hyperliquid | Smoothed Basis: 0.60 bps | Net Yield: 8.17% | Spot: 81310.01 | Perp: 81357.50
2026-09-21 10:58:12,844 [WARNING] 🔥 ENTRY SIGNAL | Venue: Hyperliquid | Smoothed Basis: 0.78 bps | Net Yield: 8.17% | Spot: 81310.01 | Perp: 81357.50
2026-09-21 10:58:12,845 [WARNING] 🔥 ENTRY SIGNAL | Venue: Hyperliquid | Smoothed Basis: 0.96 bps | Net Yield: 8.17% | Spot: 81310.01 | Perp: 81357.50
2026-09-21 10:58:12,847 [WARNING] 🔥 ENTRY SIGNAL | Venue: Hyperliquid | Smoothed Basis: 1.14 bps | Net Yield: 8.17% | Spot: 81310.01 | Perp: 81357.50
2026-09-21 10:58:12,852 [WARNING] 🔥 ENTRY SIGNAL | Venue: Hyperliquid | Smoothed Basis: 1.32 bps | Net Yield: 8.17% | Spot: 81310.01 | Perp: 81357.50
2026-09-21 10:58:12,855 [WARNING] 🔥 ENTRY SIGNAL | Venue: Hyperliquid | Smoothed Basis: 1.32 bps | Net Yield: 8.17% | Spot: 81310.01 | Perp: 81357.50
2026-09-21 10:58:12,858 [WARNING] 🔥 ENTRY SIGNAL | Venue: Hyperliquid | Smoothed Basis: 1.32 bps | Net Yield: 8.17% | Spot: 81310.01 | Perp: 81357.50
2026-09-21 10:58:12,861 [WARNING] 🔥 ENTRY SIGNAL | Venue: Hyperliquid | Smoothed Basis: 1.32 bps | Net Yield: 8.17% | Spot: 81310.01 | Perp: 81357.50
2026-09-21 10:58:12,865 [WARNING] 🔥 ENTRY SIGNAL | Venue: Hyperliquid | Smoothed Basis: 1.32 bps | Net Yield: 8.17% | Spot: 81310.01 | Perp: 81357.50
2026-09-21 10:58:12,868 [WARNING] 🔥 ENTRY SIGNAL | Venue: Hyperliquid | Smoothed Basis: 1.32 bps | Net Yield: 8.17% | Spot: 81310.01 | Perp: 81357.50
2026-09-21 10:58:12,875 [WARNING] 🔥 ENTRY SIGNAL | Venue: Hyperliquid | Smoothed Basis: 1.32 bps | Net Yield: 8.17% | Spot: 81310.01 | Perp: 81357.50
2026-09-21 10:58:12,880 [WARNING] 🔥 ENTRY SIGNAL | Venue: Hyperliquid | Smoothed Basis: 1.32 bps | Net Yield: 8.17% | Spot: 81310.01 | Perp: 81357.50
2026-09-21 10:58:12,885 [WARNING] 🔥 ENTRY SIGNAL | Venue: Hyperliquid | Smoothed Basis: 1.32 bps | Net Yield: 8.17% | Spot: 81310.01 | Perp: 81357.50
2026-09-21 10:58:12,888 [WARNING] 🔥 ENTRY SIGNAL | Venue: Hyperliquid | Smoothed Basis: 1.32 bps | Net Yield: 8.17% | Spot: 81310.01 | Perp: 81357.50
2026-09-21 10:58:12,890 [WARNING] 🔥 ENTRY SIGNAL | Venue: Hyperliquid | Smoothed Basis: 1.32 bps | Net Yield: 8.17% | Spot: 81310.01 | Perp: 81357.50
2026-09-21 10:58:12,927 [WARNING] 🔥 ENTRY SIGNAL | Venue: Hyperliquid | Smoothed Basis: 1.32 bps | Net Yield: 8.17% | Spot: 81310.01 | Perp: 81357.50
2026-09-21 10:58:12,931 [WARNING] 🔥 ENTRY SIGNAL | Venue: Hyperliquid | Smoothed Basis: 1.32 bps | Net Yield: 8.17% | Spot: 81310.01 | Perp: 81357.50
2026-09-21 10:58:12,934 [WARNING] 🔥 ENTRY SIGNAL | Venue: Hyperliquid | Smoothed Basis: 1.32 bps | Net Yield: 8.17% | Spot: 81310.01 | Perp: 81357.50
2026-09-21 10:58:12,937 [WARNING] 🔥 ENTRY SIGNAL | Venue: Hyperliquid | Smoothed Basis: 1.32 bps | Net Yield: 8.17% | Spot: 81310.01 | Perp: 81357.50
2026-09-21 10:58:12,940 [WARNING] 🔥 ENTRY SIGNAL | Venue: Hyperliquid | Smoothed Basis: 1.32 bps | Net Yield: 8.17% | Spot: 81310.01 | Perp: 81357.50
2026-09-21 10:58:12,943 [WARNING] 🔥 ENTRY SIGNAL | Venue: Hyperliquid | Smoothed Basis: 1.32 bps | Net Yield: 8.17% | Spot: 81310.01 | Perp: 81357.50
2026-09-21 10:58:12,946 [WARNING] 🔥 ENTRY SIGNAL | Venue: Hyperliquid | Smoothed Basis: 1.32 bps | Net Yield: 8.17% | Spot: 81310.01 | Perp: 81357.50
2026-09-21 10:58:12,949 [WARNING] 🔥 ENTRY SIGNAL | Venue: Hyperliquid | Smoothed Basis: 1.32 bps | Net Yield: 8.17% | Spot: 81310.01 | Perp: 81357.50
2026-09-21 10:58:12,953 [WARNING] 🔥 ENTRY SIGNAL | Venue: Hyperliquid | Smoothed Basis: 1.32 bps | Net Yield: 8.17% | Spot: 81310.01 | Perp: 81357.50
2026-09-21 10:58:12,957 [WARNING] 🔥 ENTRY SIGNAL | Venue: Hyperliquid | Smoothed Basis: 1.32 bps | Net Yield: 8.17% | Spot: 81310.01 | Perp: 81357.50
2026-09-21 10:58:12,974 [WARNING] 🔥 ENTRY SIGNAL | Venue: Hyperliquid | Smoothed Basis: 1.32 bps | Net Yield: 8.17% | Spot: 81310.01 | Perp: 81357.50
2026-09-21 10:58:12,978 [WARNING] 🔥 ENTRY SIGNAL | Venue: Hyperliquid | Smoothed Basis: 1.32 bps | Net Yield: 8.17% | Spot: 81310.01 | Perp: 81357.50
2026-09-21 10:58:12,981 [WARNING] 🔥 ENTRY SIGNAL | Venue: Hyperliquid | Smoothed Basis: 1.32 bps | Net Yield: 8.17% | Spot: 81310.01 | Perp: 81357.50
2026-09-21 10:58:12,985 [WARNING] 🔥 ENTRY SIGNAL | Venue: Hyperliquid | Smoothed Basis: 1.32 bps | Net Yield: 8.17% | Spot: 81310.01 | Perp: 81357.50
2026-09-21 10:58:12,987 [WARNING] 🔥 ENTRY SIGNAL | Venue: Hyperliquid | Smoothed Basis: 1.32 bps | Net Yield: 8.17% | Spot: 81310.01 | Perp: 81357.50
2026-09-21 10:58:12,989 [WARNING] 🔥 ENTRY SIGNAL | Venue: Hyperliquid | Smoothed Basis: 1.32 bps | Net Yield: 8.17% | Spot: 81310.01 | Perp: 81357.50
2026-09-21 10:58:12,991 [WARNING] 🔥 ENTRY SIGNAL | Venue: Hyperliquid | Smoothed Basis: 1.32 bps | Net Yield: 8.17% | Spot: 81310.01 | Perp: 81357.50
2026-09-21 10:58:12,994 [WARNING] 🔥 ENTRY SIGNAL | Venue: Hyperliquid | Smoothed Basis: 1.32 bps | Net Yield: 8.17% | Spot: 81310.01 | Perp: 81357.50
2026-09-21 10:58:12,996 [WARNING] 🔥 ENTRY SIGNAL | Venue: Hyperliquid | Smoothed Basis: 1.32 bps | Net Yield: 8.17% | Spot: 81310.01 | Perp: 81357.50
2026-09-21 10:58:12,999 [WARNING] 🔥 ENTRY SIGNAL | Venue: Hyperliquid | Smoothed Basis: 1.32 bps | Net Yield: 8.17% | Spot: 81310.01 | Perp: 81357.50
2026-09-21 10:58:13,002 [WARNING] 🔥 ENTRY SIGNAL | Venue: Hyperliquid | Smoothed Basis: 1.32 bps | Net Yield: 8.17% | Spot: 81310.01 | Perp: 81357.50
2026-09-21 10:58:13,005 [WARNING] 🔥 ENTRY SIGNAL | Venue: Hyperliquid | Smoothed Basis: 1.32 bps | Net Yield: 8.17% | Spot: 81310.01 | Perp: 81357.50
2026-09-21 10:58:13,011 [WARNING] 🔥 ENTRY SIGNAL | Venue: Hyperliquid | Smoothed Basis: 1.32 bps | Net Yield: 8.17% | Spot: 81310.01 | Perp: 81357.50
2026-09-21 10:58:13,014 [WARNING] 🔥 ENTRY SIGNAL | Venue: Hyperliquid | Smoothed Basis: 1.32 bps | Net Yield: 8.17% | Spot: 81310.01 | Perp: 81357.50
2026-09-21 10:58:13,017 [WARNING] 🔥 ENTRY SIGNAL | Venue: Hyperliquid | Smoothed Basis: 1.32 bps | Net Yield: 8.17% | Spot: 81310.01 | Perp: 81357.50
2026-09-21 10:58:13,019 [WARNING] 🔥 ENTRY SIGNAL | Venue: Hyperliquid | Smoothed Basis: 1.32 bps | Net Yield: 8.17% | Spot: 81310.01 | Perp: 81357.50
2026-09-21 10:58:13,039 [WARNING] 🔥 ENTRY SIGNAL | Venue: Hyperliquid | Smoothed Basis: 0.42 bps | Net Yield: 8.17% | Spot: 81310.01 | Perp: 81357.50
2026-09-21 10:58:13,043 [WARNING] 🔥 ENTRY SIGNAL | Venue: Hyperliquid | Smoothed Basis: 0.42 bps | Net Yield: 8.17% | Spot: 81310.01 | Perp: 81357.50
2026-09-21 10:58:13,045 [WARNING] 🔥 ENTRY SIGNAL | Venue: Hyperliquid | Smoothed Basis: 0.42 bps | Net Yield: 8.17% | Spot: 81310.01 | Perp: 81357.50
2026-09-21 10:58:13,047 [WARNING] 🔥 ENTRY SIGNAL | Venue: Hyperliquid | Smoothed Basis: 0.42 bps | Net Yield: 8.17% | Spot: 81310.01 | Perp: 81357.50
2026-09-21 10:58:13,049 [WARNING] 🔥 ENTRY SIGNAL | Venue: Hyperliquid | Smoothed Basis: 0.42 bps | Net Yield: 8.17% | Spot: 81310.01 | Perp: 81357.50
2026-09-21 10:58:13,052 [WARNING] 🔥 ENTRY SIGNAL | Venue: Hyperliquid | Smoothed Basis: 0.42 bps | Net Yield: 8.17% | Spot: 81310.01 | Perp: 81357.50
2026-09-21 10:58:13,055 [WARNING] 🔥 ENTRY SIGNAL | Venue: Hyperliquid | Smoothed Basis: 0.42 bps | Net Yield: 8.17% | Spot: 81310.01 | Perp: 81357.50
2026-09-21 10:58:13,056 [WARNING] 🔥 ENTRY SIGNAL | Venue: Hyperliquid | Smoothed Basis: 0.42 bps | Net Yield: 8.17% | Spot: 81310.01 | Perp: 81357.50
2026-09-21 10:58:13,059 [WARNING] 🔥 ENTRY SIGNAL | Venue: Hyperliquid | Smoothed Basis: 0.42 bps | Net Yield: 8.17% | Spot: 81310.01 | Perp: 81357.50
2026-09-21 10:58:13,062 [WARNING] 🔥 ENTRY SIGNAL | Venue: Hyperliquid | Smoothed Basis: 0.42 bps | Net Yield: 8.17% | Spot: 81310.01 | Perp: 81357.50
2026-09-21 10:58:13,064 [WARNING] 🔥 ENTRY SIGNAL | Venue: Hyperliquid | Smoothed Basis: 0.42 bps | Net Yield: 8.17% | Spot: 81310.01 | Perp: 81357.50
2026-09-21 10:58:13,068 [WARNING] 🔥 ENTRY SIGNAL | Venue: Hyperliquid | Smoothed Basis: 0.42 bps | Net Yield: 8.17% | Spot: 81310.01 | Perp: 81357.50
2026-09-21 10:58:13,070 [WARNING] 🔥 ENTRY SIGNAL | Venue: Hyperliquid | Smoothed Basis: 0.42 bps | Net Yield: 8.17% | Spot: 81310.01 | Perp: 81357.50
2026-09-21 10:58:13,072 [WARNING] 🔥 ENTRY SIGNAL | Venue: Hyperliquid | Smoothed Basis: 0.42 bps | Net Yield: 8.17% | Spot: 81310.01 | Perp: 81357.50
2026-09-21 10:58:13,933 [WARNING] 🔥 ENTRY SIGNAL | Venue: Hyperliquid | Smoothed Basis: 0.06 bps | Net Yield: 8.17% | Spot: 81310.01 | Perp: 81357.50
2026-09-21 10:58:16,159 [WARNING] 🔥 ENTRY SIGNAL | Venue: Hyperliquid | Smoothed Basis: 0.06 bps | Net Yield: 8.17% | Spot: 81310.01 | Perp: 81357.50
2026-09-21 10:58:16,162 [WARNING] 🔥 ENTRY SIGNAL | Venue: Hyperliquid | Smoothed Basis: 0.24 bps | Net Yield: 8.17% | Spot: 81310.01 | Perp: 81357.50
2026-09-21 10:58:16,208 [WARNING] 🔥 ENTRY SIGNAL | Venue: Hyperliquid | Smoothed Basis: 0.42 bps | Net Yield: 8.17% | Spot: 81310.01 | Perp: 81357.50
2026-09-21 10:58:16,210 [WARNING] 🔥 ENTRY SIGNAL | Venue: Hyperliquid | Smoothed Basis: 0.42 bps | Net Yield: 8.17% | Spot: 81310.01 | Perp: 81357.50
2026-09-21 10:58:16,211 [WARNING] 🔥 ENTRY SIGNAL | Venue: Hyperliquid | Smoothed Basis: 0.42 bps | Net Yield: 8.17% | Spot: 81310.01 | Perp: 81357.50
2026-09-21 10:58:16,213 [WARNING] 🔥 ENTRY SIGNAL | Venue: Hyperliquid | Smoothed Basis: 0.42 bps | Net Yield: 8.17% | Spot: 81310.01 | Perp: 81357.50
2026-09-21 10:58:16,214 [WARNING] 🔥 ENTRY SIGNAL | Venue: Hyperliquid | Smoothed Basis: 0.42 bps | Net Yield: 8.17% | Spot: 81310.01 | Perp: 81357.50
2026-09-21 10:58:16,215 [WARNING] 🔥 ENTRY SIGNAL | Venue: Hyperliquid | Smoothed Basis: 0.24 bps | Net Yield: 8.17% | Spot: 81310.01 | Perp: 81357.50
2026-09-21 10:58:16,216 [WARNING] 🔥 ENTRY SIGNAL | Venue: Hyperliquid | Smoothed Basis: 0.42 bps | Net Yield: 8.17% | Spot: 81310.01 | Perp: 81357.50
2026-09-21 10:58:16,217 [WARNING] 🔥 ENTRY SIGNAL | Venue: Hyperliquid | Smoothed Basis: 0.60 bps | Net Yield: 8.17% | Spot: 81310.01 | Perp: 81357.50
2026-09-21 10:58:16,236 [WARNING] 🔥 ENTRY SIGNAL | Venue: Hyperliquid | Smoothed Basis: 0.78 bps | Net Yield: 8.17% | Spot: 81310.01 | Perp: 81357.50
2026-09-21 10:58:16,251 [WARNING] 🔥 ENTRY SIGNAL | Venue: Hyperliquid | Smoothed Basis: 0.96 bps | Net Yield: 8.17% | Spot: 81310.01 | Perp: 81357.50
2026-09-21 10:58:16,290 [WARNING] 🔥 ENTRY SIGNAL | Venue: Hyperliquid | Smoothed Basis: 1.14 bps | Net Yield: 8.17% | Spot: 81310.01 | Perp: 81357.50
2026-09-21 10:58:16,404 [WARNING] 🔥 ENTRY SIGNAL | Venue: Hyperliquid | Smoothed Basis: 0.96 bps | Net Yield: 8.17% | Spot: 81310.01 | Perp: 81357.50
2026-09-21 10:58:16,443 [WARNING] 🔥 ENTRY SIGNAL | Venue: Hyperliquid | Smoothed Basis: 0.60 bps | Net Yield: 8.17% | Spot: 81310.01 | Perp: 81357.50
2026-09-21 10:58:21,736 [WARNING] 🔥 ENTRY SIGNAL | Venue: Hyperliquid | Smoothed Basis: 0.10 bps | Net Yield: 8.17% | Spot: 81311.14 | Perp: 81357.50
2026-09-21 10:58:21,738 [WARNING] 🔥 ENTRY SIGNAL | Venue: Hyperliquid | Smoothed Basis: 0.28 bps | Net Yield: 8.17% | Spot: 81311.14 | Perp: 81357.50
2026-09-21 10:58:21,741 [WARNING] 🔥 ENTRY SIGNAL | Venue: Hyperliquid | Smoothed Basis: 0.46 bps | Net Yield: 8.17% | Spot: 81311.14 | Perp: 81357.50
2026-09-21 10:58:21,745 [WARNING] 🔥 ENTRY SIGNAL | Venue: Hyperliquid | Smoothed Basis: 0.64 bps | Net Yield: 8.17% | Spot: 81311.14 | Perp: 81357.50
2026-09-21 10:58:21,751 [WARNING] 🔥 ENTRY SIGNAL | Venue: Hyperliquid | Smoothed Basis: 0.82 bps | Net Yield: 8.17% | Spot: 81311.14 | Perp: 81357.50
2026-09-21 10:58:21,754 [WARNING] 🔥 ENTRY SIGNAL | Venue: Hyperliquid | Smoothed Basis: 1.00 bps | Net Yield: 8.17% | Spot: 81311.14 | Perp: 81357.50
2026-09-21 10:58:21,757 [WARNING] 🔥 ENTRY SIGNAL | Venue: Hyperliquid | Smoothed Basis: 1.18 bps | Net Yield: 8.17% | Spot: 81311.14 | Perp: 81357.50
2026-09-21 10:58:21,776 [WARNING] 🔥 ENTRY SIGNAL | Venue: Hyperliquid | Smoothed Basis: 1.18 bps | Net Yield: 8.17% | Spot: 81311.14 | Perp: 81357.50
2026-09-21 10:58:21,791 [WARNING] 🔥 ENTRY SIGNAL | Venue: Hyperliquid | Smoothed Basis: 1.18 bps | Net Yield: 8.17% | Spot: 81311.14 | Perp: 81357.50
2026-09-21 10:58:21,817 [WARNING] 🔥 ENTRY SIGNAL | Venue: Hyperliquid | Smoothed Basis: 1.18 bps | Net Yield: 8.17% | Spot: 81311.14 | Perp: 81357.50
2026-09-21 10:58:21,820 [WARNING] 🔥 ENTRY SIGNAL | Venue: Hyperliquid | Smoothed Basis: 1.18 bps | Net Yield: 8.17% | Spot: 81311.14 | Perp: 81357.50
2026-09-21 10:58:21,823 [WARNING] 🔥 ENTRY SIGNAL | Venue: Hyperliquid | Smoothed Basis: 1.18 bps | Net Yield: 8.17% | Spot: 81311.14 | Perp: 81357.50
2026-09-21 10:58:21,827 [WARNING] 🔥 ENTRY SIGNAL | Venue: Hyperliquid | Smoothed Basis: 1.18 bps | Net Yield: 8.17% | Spot: 81311.14 | Perp: 81357.50
2026-09-21 10:58:21,829 [WARNING] 🔥 ENTRY SIGNAL | Venue: Hyperliquid | Smoothed Basis: 1.18 bps | Net Yield: 8.17% | Spot: 81311.14 | Perp: 81357.50
2026-09-21 10:58:21,835 [WARNING] 🔥 ENTRY SIGNAL | Venue: Hyperliquid | Smoothed Basis: 1.18 bps | Net Yield: 8.17% | Spot: 81311.14 | Perp: 81357.50
2026-09-21 10:58:21,836 [WARNING] 🔥 ENTRY SIGNAL | Venue: Hyperliquid | Smoothed Basis: 1.18 bps | Net Yield: 8.17% | Spot: 81311.14 | Perp: 81357.50
2026-09-21 10:58:21,840 [WARNING] 🔥 ENTRY SIGNAL | Venue: Hyperliquid | Smoothed Basis: 1.18 bps | Net Yield: 8.17% | Spot: 81311.14 | Perp: 81357.50
2026-09-21 10:58:21,844 [WARNING] 🔥 ENTRY SIGNAL | Venue: Hyperliquid | Smoothed Basis: 1.18 bps | Net Yield: 8.17% | Spot: 81311.14 | Perp: 81357.50
2026-09-21 10:58:21,846 [WARNING] 🔥 ENTRY SIGNAL | Venue: Hyperliquid | Smoothed Basis: 1.18 bps | Net Yield: 8.17% | Spot: 81311.14 | Perp: 81357.50
2026-09-21 10:58:21,880 [WARNING] 🔥 ENTRY SIGNAL | Venue: Hyperliquid | Smoothed Basis: 1.18 bps | Net Yield: 8.17% | Spot: 81311.14 | Perp: 81357.50
2026-09-21 10:58:21,887 [WARNING] 🔥 ENTRY SIGNAL | Venue: Hyperliquid | Smoothed Basis: 1.18 bps | Net Yield: 8.17% | Spot: 81311.14 | Perp: 81357.50
2026-09-21 10:58:21,888 [WARNING] 🔥 ENTRY SIGNAL | Venue: Hyperliquid | Smoothed Basis: 1.18 bps | Net Yield: 8.17% | Spot: 81311.57 | Perp: 81357.50
2026-09-21 10:58:21,891 [WARNING] 🔥 ENTRY SIGNAL | Venue: Hyperliquid | Smoothed Basis: 1.18 bps | Net Yield: 8.17% | Spot: 81311.57 | Perp: 81357.50
2026-09-21 10:58:21,894 [WARNING] 🔥 ENTRY SIGNAL | Venue: Hyperliquid | Smoothed Basis: 1.18 bps | Net Yield: 8.17% | Spot: 81311.99 | Perp: 81357.50
2026-09-21 10:58:21,895 [WARNING] 🔥 ENTRY SIGNAL | Venue: Hyperliquid | Smoothed Basis: 1.17 bps | Net Yield: 8.17% | Spot: 81311.99 | Perp: 81357.50
2026-09-21 10:58:21,897 [WARNING] 🔥 ENTRY SIGNAL | Venue: Hyperliquid | Smoothed Basis: 1.17 bps | Net Yield: 8.17% | Spot: 81311.99 | Perp: 81357.50
2026-09-21 10:58:21,899 [WARNING] 🔥 ENTRY SIGNAL | Venue: Hyperliquid | Smoothed Basis: 1.16 bps | Net Yield: 8.17% | Spot: 81311.99 | Perp: 81357.50
2026-09-21 10:58:21,901 [WARNING] 🔥 ENTRY SIGNAL | Venue: Hyperliquid | Smoothed Basis: 1.16 bps | Net Yield: 8.17% | Spot: 81312.00 | Perp: 81357.50
2026-09-21 10:58:21,902 [WARNING] 🔥 ENTRY SIGNAL | Venue: Hyperliquid | Smoothed Basis: 1.15 bps | Net Yield: 8.17% | Spot: 81312.01 | Perp: 81357.50
2026-09-21 10:58:21,903 [WARNING] 🔥 ENTRY SIGNAL | Venue: Hyperliquid | Smoothed Basis: 1.15 bps | Net Yield: 8.17% | Spot: 81312.01 | Perp: 81357.50
2026-09-21 10:58:21,904 [WARNING] 🔥 ENTRY SIGNAL | Venue: Hyperliquid | Smoothed Basis: 1.14 bps | Net Yield: 8.17% | Spot: 81312.01 | Perp: 81357.50
2026-09-21 10:58:21,905 [WARNING] 🔥 ENTRY SIGNAL | Venue: Hyperliquid | Smoothed Basis: 1.14 bps | Net Yield: 8.17% | Spot: 81312.01 | Perp: 81357.50
2026-09-21 10:58:21,909 [WARNING] 🔥 ENTRY SIGNAL | Venue: Hyperliquid | Smoothed Basis: 1.14 bps | Net Yield: 8.17% | Spot: 81312.01 | Perp: 81357.50
2026-09-21 10:58:21,910 [WARNING] 🔥 ENTRY SIGNAL | Venue: Hyperliquid | Smoothed Basis: 1.13 bps | Net Yield: 8.17% | Spot: 81312.01 | Perp: 81357.50
2026-09-21 10:58:21,911 [WARNING] 🔥 ENTRY SIGNAL | Venue: Hyperliquid | Smoothed Basis: 1.13 bps | Net Yield: 8.17% | Spot: 81312.01 | Perp: 81357.50
2026-09-21 10:58:21,911 [WARNING] 🔥 ENTRY SIGNAL | Venue: Hyperliquid | Smoothed Basis: 1.12 bps | Net Yield: 8.17% | Spot: 81312.01 | Perp: 81357.50
2026-09-21 10:58:21,913 [WARNING] 🔥 ENTRY SIGNAL | Venue: Hyperliquid | Smoothed Basis: 1.12 bps | Net Yield: 8.17% | Spot: 81312.01 | Perp: 81357.50
2026-09-21 10:58:21,916 [WARNING] 🔥 ENTRY SIGNAL | Venue: Hyperliquid | Smoothed Basis: 1.11 bps | Net Yield: 8.17% | Spot: 81312.01 | Perp: 81357.50
2026-09-21 10:58:21,917 [WARNING] 🔥 ENTRY SIGNAL | Venue: Hyperliquid | Smoothed Basis: 1.11 bps | Net Yield: 8.17% | Spot: 81312.01 | Perp: 81357.50
2026-09-21 10:58:21,919 [WARNING] 🔥 ENTRY SIGNAL | Venue: Hyperliquid | Smoothed Basis: 1.11 bps | Net Yield: 8.17% | Spot: 81312.01 | Perp: 81357.50
2026-09-21 10:58:21,920 [WARNING] 🔥 ENTRY SIGNAL | Venue: Hyperliquid | Smoothed Basis: 1.10 bps | Net Yield: 8.17% | Spot: 81312.01 | Perp: 81357.50
2026-09-21 10:58:21,921 [WARNING] 🔥 ENTRY SIGNAL | Venue: Hyperliquid | Smoothed Basis: 1.10 bps | Net Yield: 8.17% | Spot: 81312.01 | Perp: 81357.50
2026-09-21 10:58:21,922 [WARNING] 🔥 ENTRY SIGNAL | Venue: Hyperliquid | Smoothed Basis: 1.09 bps | Net Yield: 8.17% | Spot: 81312.01 | Perp: 81357.50
2026-09-21 10:58:21,923 [WARNING] 🔥 ENTRY SIGNAL | Venue: Hyperliquid | Smoothed Basis: 1.09 bps | Net Yield: 8.17% | Spot: 81312.01 | Perp: 81357.50
2026-09-21 10:58:21,925 [WARNING] 🔥 ENTRY SIGNAL | Venue: Hyperliquid | Smoothed Basis: 1.09 bps | Net Yield: 8.17% | Spot: 81312.01 | Perp: 81357.50
2026-09-21 10:58:21,926 [WARNING] 🔥 ENTRY SIGNAL | Venue: Hyperliquid | Smoothed Basis: 1.08 bps | Net Yield: 8.17% | Spot: 81312.01 | Perp: 81357.50
2026-09-21 10:58:21,927 [WARNING] 🔥 ENTRY SIGNAL | Venue: Hyperliquid | Smoothed Basis: 1.08 bps | Net Yield: 8.17% | Spot: 81312.01 | Perp: 81357.50
2026-09-21 10:58:21,929 [WARNING] 🔥 ENTRY SIGNAL | Venue: Hyperliquid | Smoothed Basis: 1.08 bps | Net Yield: 8.17% | Spot: 81312.01 | Perp: 81357.50
2026-09-21 10:58:21,929 [WARNING] 🔥 ENTRY SIGNAL | Venue: Hyperliquid | Smoothed Basis: 1.08 bps | Net Yield: 8.17% | Spot: 81312.01 | Perp: 81357.50
2026-09-21 10:58:21,932 [WARNING] 🔥 ENTRY SIGNAL | Venue: Hyperliquid | Smoothed Basis: 1.08 bps | Net Yield: 8.17% | Spot: 81312.01 | Perp: 81357.50
2026-09-21 10:58:21,933 [WARNING] 🔥 ENTRY SIGNAL | Venue: Hyperliquid | Smoothed Basis: 1.08 bps | Net Yield: 8.17% | Spot: 81312.01 | Perp: 81357.50
2026-09-21 10:58:21,935 [WARNING] 🔥 ENTRY SIGNAL | Venue: Hyperliquid | Smoothed Basis: 1.08 bps | Net Yield: 8.17% | Spot: 81312.01 | Perp: 81357.50
2026-09-21 10:58:21,935 [WARNING] 🔥 ENTRY SIGNAL | Venue: Hyperliquid | Smoothed Basis: 1.08 bps | Net Yield: 8.17% | Spot: 81312.01 | Perp: 81357.50
2026-09-21 10:58:21,936 [WARNING] 🔥 ENTRY SIGNAL | Venue: Hyperliquid | Smoothed Basis: 1.08 bps | Net Yield: 8.17% | Spot: 81312.01 | Perp: 81357.50
2026-09-21 10:58:21,937 [WARNING] 🔥 ENTRY SIGNAL | Venue: Hyperliquid | Smoothed Basis: 1.08 bps | Net Yield: 8.17% | Spot: 81312.01 | Perp: 81357.50
2026-09-21 10:58:21,938 [WARNING] 🔥 ENTRY SIGNAL | Venue: Hyperliquid | Smoothed Basis: 1.08 bps | Net Yield: 8.17% | Spot: 81312.01 | Perp: 81357.50
2026-09-21 10:58:21,939 [WARNING] 🔥 ENTRY SIGNAL | Venue: Hyperliquid | Smoothed Basis: 1.08 bps | Net Yield: 8.17% | Spot: 81312.01 | Perp: 81357.50
2026-09-21 10:58:21,940 [WARNING] 🔥 ENTRY SIGNAL | Venue: Hyperliquid | Smoothed Basis: 1.08 bps | Net Yield: 8.17% | Spot: 81312.01 | Perp: 81357.50
2026-09-21 10:58:21,941 [WARNING] 🔥 ENTRY SIGNAL | Venue: Hyperliquid | Smoothed Basis: 1.08 bps | Net Yield: 8.17% | Spot: 81312.01 | Perp: 81357.50
2026-09-21 10:58:21,942 [WARNING] 🔥 ENTRY SIGNAL | Venue: Hyperliquid | Smoothed Basis: 1.08 bps | Net Yield: 8.17% | Spot: 81312.01 | Perp: 81357.50
2026-09-21 10:58:21,943 [WARNING] 🔥 ENTRY SIGNAL | Venue: Hyperliquid | Smoothed Basis: 1.08 bps | Net Yield: 8.17% | Spot: 81312.01 | Perp: 81357.50
2026-09-21 10:58:21,995 [WARNING] 🔥 ENTRY SIGNAL | Venue: Hyperliquid | Smoothed Basis: 0.10 bps | Net Yield: 8.17% | Spot: 81312.01 | Perp: 81357.50
2026-09-21 10:58:21,996 [WARNING] 🔥 ENTRY SIGNAL | Venue: Hyperliquid | Smoothed Basis: 0.27 bps | Net Yield: 8.17% | Spot: 81312.01 | Perp: 81357.50
2026-09-21 10:58:21,997 [WARNING] 🔥 ENTRY SIGNAL | Venue: Hyperliquid | Smoothed Basis: 0.45 bps | Net Yield: 8.17% | Spot: 81312.01 | Perp: 81357.50
2026-09-21 10:58:21,998 [WARNING] 🔥 ENTRY SIGNAL | Venue: Hyperliquid | Smoothed Basis: 0.63 bps | Net Yield: 8.17% | Spot: 81312.01 | Perp: 81357.50
2026-09-21 10:58:21,999 [WARNING] 🔥 ENTRY SIGNAL | Venue: Hyperliquid | Smoothed Basis: 0.81 bps | Net Yield: 8.17% | Spot: 81312.01 | Perp: 81357.50
2026-09-21 10:58:22,000 [WARNING] 🔥 ENTRY SIGNAL | Venue: Hyperliquid | Smoothed Basis: 0.98 bps | Net Yield: 8.17% | Spot: 81312.01 | Perp: 81357.50
2026-09-21 10:58:22,001 [WARNING] 🔥 ENTRY SIGNAL | Venue: Hyperliquid | Smoothed Basis: 1.16 bps | Net Yield: 8.17% | Spot: 81312.01 | Perp: 81357.50
2026-09-21 10:58:22,003 [WARNING] 🔥 ENTRY SIGNAL | Venue: Hyperliquid | Smoothed Basis: 1.16 bps | Net Yield: 8.17% | Spot: 81312.01 | Perp: 81357.50
2026-09-21 10:58:22,006 [WARNING] 🔥 ENTRY SIGNAL | Venue: Hyperliquid | Smoothed Basis: 1.16 bps | Net Yield: 8.17% | Spot: 81312.01 | Perp: 81357.50
2026-09-21 10:58:22,013 [WARNING] 🔥 ENTRY SIGNAL | Venue: Hyperliquid | Smoothed Basis: 1.16 bps | Net Yield: 8.17% | Spot: 81312.01 | Perp: 81357.50
2026-09-21 10:58:22,017 [WARNING] 🔥 ENTRY SIGNAL | Venue: Hyperliquid | Smoothed Basis: 1.16 bps | Net Yield: 8.17% | Spot: 81312.01 | Perp: 81357.50
2026-09-21 10:58:22,020 [WARNING] 🔥 ENTRY SIGNAL | Venue: Hyperliquid | Smoothed Basis: 1.16 bps | Net Yield: 8.17% | Spot: 81312.01 | Perp: 81357.50
2026-09-21 10:58:22,022 [WARNING] 🔥 ENTRY SIGNAL | Venue: Hyperliquid | Smoothed Basis: 1.16 bps | Net Yield: 8.17% | Spot: 81312.01 | Perp: 81357.50
2026-09-21 10:58:22,024 [WARNING] 🔥 ENTRY SIGNAL | Venue: Hyperliquid | Smoothed Basis: 1.16 bps | Net Yield: 8.17% | Spot: 81312.01 | Perp: 81357.50
2026-09-21 10:58:22,554 [WARNING] 🔥 ENTRY SIGNAL | Venue: Hyperliquid | Smoothed Basis: 0.09 bps | Net Yield: 8.17% | Spot: 81312.46 | Perp: 81357.50
2026-09-21 10:58:22,556 [WARNING] 🔥 ENTRY SIGNAL | Venue: Hyperliquid | Smoothed Basis: 0.26 bps | Net Yield: 8.17% | Spot: 81312.46 | Perp: 81357.50
2026-09-21 10:58:22,559 [WARNING] 🔥 ENTRY SIGNAL | Venue: Hyperliquid | Smoothed Basis: 0.43 bps | Net Yield: 8.17% | Spot: 81312.46 | Perp: 81357.50
2026-09-21 10:58:22,563 [WARNING] 🔥 ENTRY SIGNAL | Venue: Hyperliquid | Smoothed Basis: 0.60 bps | Net Yield: 8.17% | Spot: 81312.46 | Perp: 81357.50
2026-09-21 10:58:22,566 [WARNING] 🔥 ENTRY SIGNAL | Venue: Hyperliquid | Smoothed Basis: 0.77 bps | Net Yield: 8.17% | Spot: 81312.46 | Perp: 81357.50
2026-09-21 10:58:22,568 [WARNING] 🔥 ENTRY SIGNAL | Venue: Hyperliquid | Smoothed Basis: 0.94 bps | Net Yield: 8.17% | Spot: 81312.46 | Perp: 81357.50
2026-09-21 10:58:22,571 [WARNING] 🔥 ENTRY SIGNAL | Venue: Hyperliquid | Smoothed Basis: 1.10 bps | Net Yield: 8.17% | Spot: 81312.46 | Perp: 81357.50
2026-09-21 10:58:22,573 [WARNING] 🔥 ENTRY SIGNAL | Venue: Hyperliquid | Smoothed Basis: 1.27 bps | Net Yield: 8.17% | Spot: 81312.46 | Perp: 81357.50
2026-09-21 10:58:22,575 [WARNING] 🔥 ENTRY SIGNAL | Venue: Hyperliquid | Smoothed Basis: 1.27 bps | Net Yield: 8.17% | Spot: 81312.46 | Perp: 81357.50
2026-09-21 10:58:22,579 [WARNING] 🔥 ENTRY SIGNAL | Venue: Hyperliquid | Smoothed Basis: 1.27 bps | Net Yield: 8.17% | Spot: 81312.46 | Perp: 81357.50
2026-09-21 10:58:22,583 [WARNING] 🔥 ENTRY SIGNAL | Venue: Hyperliquid | Smoothed Basis: 1.27 bps | Net Yield: 8.17% | Spot: 81312.46 | Perp: 81357.50
2026-09-21 10:58:22,585 [WARNING] 🔥 ENTRY SIGNAL | Venue: Hyperliquid | Smoothed Basis: 1.27 bps | Net Yield: 8.17% | Spot: 81312.46 | Perp: 81357.50
2026-09-21 10:58:22,588 [WARNING] 🔥 ENTRY SIGNAL | Venue: Hyperliquid | Smoothed Basis: 1.26 bps | Net Yield: 8.17% | Spot: 81312.46 | Perp: 81357.50
2026-09-21 10:58:22,590 [WARNING] 🔥 ENTRY SIGNAL | Venue: Hyperliquid | Smoothed Basis: 1.26 bps | Net Yield: 8.17% | Spot: 81312.46 | Perp: 81357.50
2026-09-21 10:58:22,593 [WARNING] 🔥 ENTRY SIGNAL | Venue: Hyperliquid | Smoothed Basis: 1.26 bps | Net Yield: 8.17% | Spot: 81312.46 | Perp: 81357.50
2026-09-21 10:58:22,700 [WARNING] 🔥 ENTRY SIGNAL | Venue: Hyperliquid | Smoothed Basis: 0.07 bps | Net Yield: 8.17% | Spot: 81312.46 | Perp: 81357.50
2026-09-21 10:58:22,705 [WARNING] 🔥 ENTRY SIGNAL | Venue: Hyperliquid | Smoothed Basis: 0.24 bps | Net Yield: 8.17% | Spot: 81312.46 | Perp: 81357.50
2026-09-21 10:58:22,706 [WARNING] 🔥 ENTRY SIGNAL | Venue: Hyperliquid | Smoothed Basis: 0.41 bps | Net Yield: 8.17% | Spot: 81312.46 | Perp: 81357.50
2026-09-21 10:58:22,708 [WARNING] 🔥 ENTRY SIGNAL | Venue: Hyperliquid | Smoothed Basis: 0.58 bps | Net Yield: 8.17% | Spot: 81312.46 | Perp: 81357.50
2026-09-21 10:58:22,711 [WARNING] 🔥 ENTRY SIGNAL | Venue: Hyperliquid | Smoothed Basis: 0.75 bps | Net Yield: 8.17% | Spot: 81312.46 | Perp: 81357.50
2026-09-21 10:58:22,713 [WARNING] 🔥 ENTRY SIGNAL | Venue: Hyperliquid | Smoothed Basis: 0.92 bps | Net Yield: 8.17% | Spot: 81312.46 | Perp: 81357.50
2026-09-21 10:58:22,715 [WARNING] 🔥 ENTRY SIGNAL | Venue: Hyperliquid | Smoothed Basis: 1.09 bps | Net Yield: 8.17% | Spot: 81312.46 | Perp: 81357.50
2026-09-21 10:58:22,717 [WARNING] 🔥 ENTRY SIGNAL | Venue: Hyperliquid | Smoothed Basis: 1.26 bps | Net Yield: 8.17% | Spot: 81312.46 | Perp: 81357.50
2026-09-21 10:58:22,719 [WARNING] 🔥 ENTRY SIGNAL | Venue: Hyperliquid | Smoothed Basis: 1.26 bps | Net Yield: 8.17% | Spot: 81312.46 | Perp: 81357.50
2026-09-21 10:58:22,721 [WARNING] 🔥 ENTRY SIGNAL | Venue: Hyperliquid | Smoothed Basis: 1.26 bps | Net Yield: 8.17% | Spot: 81312.46 | Perp: 81357.50
2026-09-21 10:58:22,724 [WARNING] 🔥 ENTRY SIGNAL | Venue: Hyperliquid | Smoothed Basis: 1.26 bps | Net Yield: 8.17% | Spot: 81312.46 | Perp: 81357.50
2026-09-21 10:58:22,728 [WARNING] 🔥 ENTRY SIGNAL | Venue: Hyperliquid | Smoothed Basis: 1.26 bps | Net Yield: 8.17% | Spot: 81312.46 | Perp: 81357.50
2026-09-21 10:58:22,731 [WARNING] 🔥 ENTRY SIGNAL | Venue: Hyperliquid | Smoothed Basis: 1.26 bps | Net Yield: 8.17% | Spot: 81312.46 | Perp: 81357.50
2026-09-21 10:58:22,735 [WARNING] 🔥 ENTRY SIGNAL | Venue: Hyperliquid | Smoothed Basis: 1.26 bps | Net Yield: 8.17% | Spot: 81312.46 | Perp: 81357.50
2026-09-21 10:58:22,740 [WARNING] 🔥 ENTRY SIGNAL | Venue: Hyperliquid | Smoothed Basis: 1.26 bps | Net Yield: 8.17% | Spot: 81312.46 | Perp: 81357.50
2026-09-21 10:58:23,725 [WARNING] 🔥 ENTRY SIGNAL | Venue: Hyperliquid | Smoothed Basis: 0.06 bps | Net Yield: 8.17% | Spot: 81314.01 | Perp: 81357.50
2026-09-21 10:58:23,729 [WARNING] 🔥 ENTRY SIGNAL | Venue: Hyperliquid | Smoothed Basis: 0.23 bps | Net Yield: 8.17% | Spot: 81314.01 | Perp: 81357.50
2026-09-21 10:58:23,735 [WARNING] 🔥 ENTRY SIGNAL | Venue: Hyperliquid | Smoothed Basis: 0.39 bps | Net Yield: 8.17% | Spot: 81314.01 | Perp: 81357.50
2026-09-21 10:58:23,737 [WARNING] 🔥 ENTRY SIGNAL | Venue: Hyperliquid | Smoothed Basis: 0.55 bps | Net Yield: 8.17% | Spot: 81314.01 | Perp: 81357.50
2026-09-21 10:58:23,740 [WARNING] 🔥 ENTRY SIGNAL | Venue: Hyperliquid | Smoothed Basis: 0.71 bps | Net Yield: 8.17% | Spot: 81314.01 | Perp: 81357.50
2026-09-21 10:58:23,749 [WARNING] 🔥 ENTRY SIGNAL | Venue: Hyperliquid | Smoothed Basis: 0.87 bps | Net Yield: 8.17% | Spot: 81314.01 | Perp: 81357.50
2026-09-21 10:58:23,762 [WARNING] 🔥 ENTRY SIGNAL | Venue: Hyperliquid | Smoothed Basis: 1.04 bps | Net Yield: 8.17% | Spot: 81314.01 | Perp: 81357.50
2026-09-21 10:58:23,774 [WARNING] 🔥 ENTRY SIGNAL | Venue: Hyperliquid | Smoothed Basis: 1.20 bps | Net Yield: 8.17% | Spot: 81314.01 | Perp: 81357.50
2026-09-21 10:58:23,785 [WARNING] 🔥 ENTRY SIGNAL | Venue: Hyperliquid | Smoothed Basis: 1.19 bps | Net Yield: 8.17% | Spot: 81314.01 | Perp: 81357.50
2026-09-21 10:58:23,791 [WARNING] 🔥 ENTRY SIGNAL | Venue: Hyperliquid | Smoothed Basis: 1.18 bps | Net Yield: 8.17% | Spot: 81314.01 | Perp: 81357.50
2026-09-21 10:58:23,797 [WARNING] 🔥 ENTRY SIGNAL | Venue: Hyperliquid | Smoothed Basis: 1.18 bps | Net Yield: 8.17% | Spot: 81314.01 | Perp: 81357.50
2026-09-21 10:58:23,818 [WARNING] 🔥 ENTRY SIGNAL | Venue: Hyperliquid | Smoothed Basis: 1.17 bps | Net Yield: 8.17% | Spot: 81314.01 | Perp: 81357.50
2026-09-21 10:58:23,824 [WARNING] 🔥 ENTRY SIGNAL | Venue: Hyperliquid | Smoothed Basis: 1.16 bps | Net Yield: 8.17% | Spot: 81314.01 | Perp: 81357.50
2026-09-21 10:58:23,837 [WARNING] 🔥 ENTRY SIGNAL | Venue: Hyperliquid | Smoothed Basis: 1.15 bps | Net Yield: 8.17% | Spot: 81314.01 | Perp: 81357.50
2026-09-21 10:58:23,845 [WARNING] 🔥 ENTRY SIGNAL | Venue: Hyperliquid | Smoothed Basis: 1.15 bps | Net Yield: 8.17% | Spot: 81314.01 | Perp: 81357.50
2026-09-21 10:58:23,945 [WARNING] 🔥 ENTRY SIGNAL | Venue: Hyperliquid | Smoothed Basis: 0.08 bps | Net Yield: 8.17% | Spot: 81314.01 | Perp: 81357.50
2026-09-21 10:58:23,948 [WARNING] 🔥 ENTRY SIGNAL | Venue: Hyperliquid | Smoothed Basis: 0.25 bps | Net Yield: 8.17% | Spot: 81314.01 | Perp: 81357.50
2026-09-21 10:58:23,950 [WARNING] 🔥 ENTRY SIGNAL | Venue: Hyperliquid | Smoothed Basis: 0.42 bps | Net Yield: 8.17% | Spot: 81314.01 | Perp: 81357.50
2026-09-21 10:58:23,954 [WARNING] 🔥 ENTRY SIGNAL | Venue: Hyperliquid | Smoothed Basis: 0.59 bps | Net Yield: 8.17% | Spot: 81314.01 | Perp: 81357.50
2026-09-21 10:58:23,957 [WARNING] 🔥 ENTRY SIGNAL | Venue: Hyperliquid | Smoothed Basis: 0.76 bps | Net Yield: 8.17% | Spot: 81314.01 | Perp: 81357.50
2026-09-21 10:58:23,961 [WARNING] 🔥 ENTRY SIGNAL | Venue: Hyperliquid | Smoothed Basis: 0.93 bps | Net Yield: 8.17% | Spot: 81314.01 | Perp: 81357.50
2026-09-21 10:58:23,963 [WARNING] 🔥 ENTRY SIGNAL | Venue: Hyperliquid | Smoothed Basis: 1.10 bps | Net Yield: 8.17% | Spot: 81314.01 | Perp: 81357.50
2026-09-21 10:58:23,966 [WARNING] 🔥 ENTRY SIGNAL | Venue: Hyperliquid | Smoothed Basis: 1.10 bps | Net Yield: 8.17% | Spot: 81314.01 | Perp: 81357.50
2026-09-21 10:58:23,970 [WARNING] 🔥 ENTRY SIGNAL | Venue: Hyperliquid | Smoothed Basis: 1.10 bps | Net Yield: 8.17% | Spot: 81314.01 | Perp: 81357.50
2026-09-21 10:58:23,973 [WARNING] 🔥 ENTRY SIGNAL | Venue: Hyperliquid | Smoothed Basis: 1.10 bps | Net Yield: 8.17% | Spot: 81314.01 | Perp: 81357.50
2026-09-21 10:58:23,975 [WARNING] 🔥 ENTRY SIGNAL | Venue: Hyperliquid | Smoothed Basis: 1.10 bps | Net Yield: 8.17% | Spot: 81314.01 | Perp: 81357.50
2026-09-21 10:58:23,978 [WARNING] 🔥 ENTRY SIGNAL | Venue: Hyperliquid | Smoothed Basis: 1.10 bps | Net Yield: 8.17% | Spot: 81314.01 | Perp: 81357.50
2026-09-21 10:58:23,981 [WARNING] 🔥 ENTRY SIGNAL | Venue: Hyperliquid | Smoothed Basis: 1.10 bps | Net Yield: 8.17% | Spot: 81314.01 | Perp: 81357.50
2026-09-21 10:58:23,984 [WARNING] 🔥 ENTRY SIGNAL | Venue: Hyperliquid | Smoothed Basis: 1.10 bps | Net Yield: 8.17% | Spot: 81314.01 | Perp: 81357.50
2026-09-21 10:58:24,090 [WARNING] 🔥 ENTRY SIGNAL | Venue: Hyperliquid | Smoothed Basis: 0.08 bps | Net Yield: 8.17% | Spot: 81314.01 | Perp: 81357.50
2026-09-21 10:58:26,771 [WARNING] 🔥 ENTRY SIGNAL | Venue: Hyperliquid | Smoothed Basis: 0.08 bps | Net Yield: 8.17% | Spot: 81314.01 | Perp: 81357.50
2026-09-21 10:58:26,774 [WARNING] 🔥 ENTRY SIGNAL | Venue: Hyperliquid | Smoothed Basis: 0.25 bps | Net Yield: 8.17% | Spot: 81314.01 | Perp: 81357.50
2026-09-21 10:58:26,778 [WARNING] 🔥 ENTRY SIGNAL | Venue: Hyperliquid | Smoothed Basis: 0.25 bps | Net Yield: 8.17% | Spot: 81314.01 | Perp: 81357.50
2026-09-21 10:58:26,781 [WARNING] 🔥 ENTRY SIGNAL | Venue: Hyperliquid | Smoothed Basis: 0.25 bps | Net Yield: 8.17% | Spot: 81314.01 | Perp: 81357.50
2026-09-21 10:58:26,847 [WARNING] 🔥 ENTRY SIGNAL | Venue: Hyperliquid | Smoothed Basis: 0.08 bps | Net Yield: 8.17% | Spot: 81314.01 | Perp: 81357.50
2026-09-21 10:58:26,850 [WARNING] 🔥 ENTRY SIGNAL | Venue: Hyperliquid | Smoothed Basis: 0.25 bps | Net Yield: 8.17% | Spot: 81314.01 | Perp: 81357.50
2026-09-21 10:58:26,854 [WARNING] 🔥 ENTRY SIGNAL | Venue: Hyperliquid | Smoothed Basis: 0.42 bps | Net Yield: 8.17% | Spot: 81314.01 | Perp: 81357.50
2026-09-21 10:58:26,857 [WARNING] 🔥 ENTRY SIGNAL | Venue: Hyperliquid | Smoothed Basis: 0.59 bps | Net Yield: 8.17% | Spot: 81314.01 | Perp: 81357.50
2026-09-21 10:58:26,861 [WARNING] 🔥 ENTRY SIGNAL | Venue: Hyperliquid | Smoothed Basis: 0.76 bps | Net Yield: 8.17% | Spot: 81314.01 | Perp: 81357.50
2026-09-21 10:58:26,865 [WARNING] 🔥 ENTRY SIGNAL | Venue: Hyperliquid | Smoothed Basis: 0.93 bps | Net Yield: 8.17% | Spot: 81314.01 | Perp: 81357.50
2026-09-21 10:58:26,867 [WARNING] 🔥 ENTRY SIGNAL | Venue: Hyperliquid | Smoothed Basis: 1.10 bps | Net Yield: 8.17% | Spot: 81314.01 | Perp: 81357.50
2026-09-21 10:58:26,869 [WARNING] 🔥 ENTRY SIGNAL | Venue: Hyperliquid | Smoothed Basis: 1.10 bps | Net Yield: 8.17% | Spot: 81314.01 | Perp: 81357.50
2026-09-21 10:58:26,871 [WARNING] 🔥 ENTRY SIGNAL | Venue: Hyperliquid | Smoothed Basis: 1.10 bps | Net Yield: 8.17% | Spot: 81314.01 | Perp: 81357.50
2026-09-21 10:58:26,873 [WARNING] 🔥 ENTRY SIGNAL | Venue: Hyperliquid | Smoothed Basis: 1.10 bps | Net Yield: 8.17% | Spot: 81314.01 | Perp: 81357.50
2026-09-21 10:58:26,876 [WARNING] 🔥 ENTRY SIGNAL | Venue: Hyperliquid | Smoothed Basis: 1.10 bps | Net Yield: 8.17% | Spot: 81314.01 | Perp: 81357.50
2026-09-21 10:58:26,878 [WARNING] 🔥 ENTRY SIGNAL | Venue: Hyperliquid | Smoothed Basis: 1.10 bps | Net Yield: 8.17% | Spot: 81314.01 | Perp: 81357.50
2026-09-21 10:58:26,880 [WARNING] 🔥 ENTRY SIGNAL | Venue: Hyperliquid | Smoothed Basis: 1.10 bps | Net Yield: 8.17% | Spot: 81314.01 | Perp: 81357.50
2026-09-21 10:58:26,884 [WARNING] 🔥 ENTRY SIGNAL | Venue: Hyperliquid | Smoothed Basis: 1.10 bps | Net Yield: 8.17% | Spot: 81314.01 | Perp: 81357.50
2026-09-21 10:58:26,886 [WARNING] 🔥 ENTRY SIGNAL | Venue: Hyperliquid | Smoothed Basis: 1.10 bps | Net Yield: 8.17% | Spot: 81314.01 | Perp: 81357.50
2026-09-21 10:58:26,895 [WARNING] 🔥 ENTRY SIGNAL | Venue: Hyperliquid | Smoothed Basis: 1.10 bps | Net Yield: 8.17% | Spot: 81314.01 | Perp: 81357.50
2026-09-21 10:58:26,907 [WARNING] 🔥 ENTRY SIGNAL | Venue: Hyperliquid | Smoothed Basis: 1.10 bps | Net Yield: 8.17% | Spot: 81314.01 | Perp: 81357.50
2026-09-21 10:58:27,122 [WARNING] 🔥 ENTRY SIGNAL | Venue: Hyperliquid | Smoothed Basis: 0.08 bps | Net Yield: 8.17% | Spot: 81314.01 | Perp: 81357.50
2026-09-21 10:58:27,126 [WARNING] 🔥 ENTRY SIGNAL | Venue: Hyperliquid | Smoothed Basis: 0.25 bps | Net Yield: 8.17% | Spot: 81314.01 | Perp: 81357.50
2026-09-21 10:58:27,132 [WARNING] 🔥 ENTRY SIGNAL | Venue: Hyperliquid | Smoothed Basis: 0.42 bps | Net Yield: 8.17% | Spot: 81314.01 | Perp: 81357.50
2026-09-21 10:58:27,135 [WARNING] 🔥 ENTRY SIGNAL | Venue: Hyperliquid | Smoothed Basis: 0.59 bps | Net Yield: 8.17% | Spot: 81314.01 | Perp: 81357.50
2026-09-21 10:58:27,139 [WARNING] 🔥 ENTRY SIGNAL | Venue: Hyperliquid | Smoothed Basis: 0.76 bps | Net Yield: 8.17% | Spot: 81314.01 | Perp: 81357.50
2026-09-21 10:58:27,141 [WARNING] 🔥 ENTRY SIGNAL | Venue: Hyperliquid | Smoothed Basis: 0.93 bps | Net Yield: 8.17% | Spot: 81314.01 | Perp: 81357.50
2026-09-21 10:58:27,144 [WARNING] 🔥 ENTRY SIGNAL | Venue: Hyperliquid | Smoothed Basis: 1.10 bps | Net Yield: 8.17% | Spot: 81314.01 | Perp: 81357.50
2026-09-21 10:58:27,145 [WARNING] 🔥 ENTRY SIGNAL | Venue: Hyperliquid | Smoothed Basis: 1.10 bps | Net Yield: 8.17% | Spot: 81314.01 | Perp: 81357.50
2026-09-21 10:58:27,148 [WARNING] 🔥 ENTRY SIGNAL | Venue: Hyperliquid | Smoothed Basis: 1.10 bps | Net Yield: 8.17% | Spot: 81314.01 | Perp: 81357.50
2026-09-21 10:58:27,341 [WARNING] 🔥 ENTRY SIGNAL | Venue: Hyperliquid | Smoothed Basis: 0.08 bps | Net Yield: 8.17% | Spot: 81314.01 | Perp: 81357.50
2026-09-21 10:58:27,360 [WARNING] 🔥 ENTRY SIGNAL | Venue: Hyperliquid | Smoothed Basis: 0.08 bps | Net Yield: 8.17% | Spot: 81314.01 | Perp: 81357.50
2026-09-21 10:58:27,363 [WARNING] 🔥 ENTRY SIGNAL | Venue: Hyperliquid | Smoothed Basis: 0.25 bps | Net Yield: 8.17% | Spot: 81314.01 | Perp: 81357.50
2026-09-21 10:58:27,370 [WARNING] 🔥 ENTRY SIGNAL | Venue: Hyperliquid | Smoothed Basis: 0.25 bps | Net Yield: 8.17% | Spot: 81314.01 | Perp: 81357.50
2026-09-21 10:58:27,379 [WARNING] 🔥 ENTRY SIGNAL | Venue: Hyperliquid | Smoothed Basis: 0.25 bps | Net Yield: 8.17% | Spot: 81314.01 | Perp: 81357.50
2026-09-21 10:58:27,381 [WARNING] 🔥 ENTRY SIGNAL | Venue: Hyperliquid | Smoothed Basis: 0.25 bps | Net Yield: 8.17% | Spot: 81314.01 | Perp: 81357.50
2026-09-21 10:58:27,530 [WARNING] 🔥 ENTRY SIGNAL | Venue: Hyperliquid | Smoothed Basis: 0.08 bps | Net Yield: 8.17% | Spot: 81314.01 | Perp: 81357.50
2026-09-21 10:58:27,534 [WARNING] 🔥 ENTRY SIGNAL | Venue: Hyperliquid | Smoothed Basis: 0.25 bps | Net Yield: 8.17% | Spot: 81314.01 | Perp: 81357.50
2026-09-21 10:58:27,541 [WARNING] 🔥 ENTRY SIGNAL | Venue: Hyperliquid | Smoothed Basis: 0.42 bps | Net Yield: 8.17% | Spot: 81314.01 | Perp: 81357.50
2026-09-21 10:58:27,544 [WARNING] 🔥 ENTRY SIGNAL | Venue: Hyperliquid | Smoothed Basis: 0.59 bps | Net Yield: 8.17% | Spot: 81314.01 | Perp: 81357.50
2026-09-21 10:58:27,546 [WARNING] 🔥 ENTRY SIGNAL | Venue: Hyperliquid | Smoothed Basis: 0.59 bps | Net Yield: 8.17% | Spot: 81314.01 | Perp: 81357.50
2026-09-21 10:58:27,549 [WARNING] 🔥 ENTRY SIGNAL | Venue: Hyperliquid | Smoothed Basis: 0.59 bps | Net Yield: 8.17% | Spot: 81314.01 | Perp: 81357.50
2026-09-21 10:58:27,563 [WARNING] 🔥 ENTRY SIGNAL | Venue: Hyperliquid | Smoothed Basis: 0.08 bps | Net Yield: 8.17% | Spot: 81314.01 | Perp: 81357.50
2026-09-21 10:58:27,566 [WARNING] 🔥 ENTRY SIGNAL | Venue: Hyperliquid | Smoothed Basis: 0.08 bps | Net Yield: 8.17% | Spot: 81314.01 | Perp: 81357.50
2026-09-21 10:58:27,588 [WARNING] 🔥 ENTRY SIGNAL | Venue: Hyperliquid | Smoothed Basis: 0.08 bps | Net Yield: 8.17% | Spot: 81314.01 | Perp: 81357.50
2026-09-21 10:58:27,590 [WARNING] 🔥 ENTRY SIGNAL | Venue: Hyperliquid | Smoothed Basis: 0.08 bps | Net Yield: 8.17% | Spot: 81314.01 | Perp: 81357.50
2026-09-21 10:58:27,623 [WARNING] 🔥 ENTRY SIGNAL | Venue: Hyperliquid | Smoothed Basis: 0.08 bps | Net Yield: 8.17% | Spot: 81314.01 | Perp: 81357.50
2026-09-21 10:58:27,629 [WARNING] 🔥 ENTRY SIGNAL | Venue: Hyperliquid | Smoothed Basis: 0.08 bps | Net Yield: 8.17% | Spot: 81314.01 | Perp: 81357.50
2026-09-21 10:58:27,652 [WARNING] 🔥 ENTRY SIGNAL | Venue: Hyperliquid | Smoothed Basis: 0.08 bps | Net Yield: 8.17% | Spot: 81314.01 | Perp: 81357.50
2026-09-21 10:58:27,657 [WARNING] 🔥 ENTRY SIGNAL | Venue: Hyperliquid | Smoothed Basis: 0.08 bps | Net Yield: 8.17% | Spot: 81314.01 | Perp: 81357.50
2026-09-21 10:58:27,660 [WARNING] 🔥 ENTRY SIGNAL | Venue: Hyperliquid | Smoothed Basis: 0.08 bps | Net Yield: 8.17% | Spot: 81314.01 | Perp: 81357.50
2026-09-21 10:58:27,664 [WARNING] 🔥 ENTRY SIGNAL | Venue: Hyperliquid | Smoothed Basis: 0.25 bps | Net Yield: 8.17% | Spot: 81314.01 | Perp: 81357.50
2026-09-21 10:58:27,667 [WARNING] 🔥 ENTRY SIGNAL | Venue: Hyperliquid | Smoothed Basis: 0.42 bps | Net Yield: 8.17% | Spot: 81314.01 | Perp: 81357.50
2026-09-21 10:58:27,670 [WARNING] 🔥 ENTRY SIGNAL | Venue: Hyperliquid | Smoothed Basis: 0.59 bps | Net Yield: 8.17% | Spot: 81314.01 | Perp: 81357.50
2026-09-21 10:58:27,674 [WARNING] 🔥 ENTRY SIGNAL | Venue: Hyperliquid | Smoothed Basis: 0.59 bps | Net Yield: 8.17% | Spot: 81314.01 | Perp: 81357.50
2026-09-21 10:58:27,685 [WARNING] 🔥 ENTRY SIGNAL | Venue: Hyperliquid | Smoothed Basis: 0.59 bps | Net Yield: 8.17% | Spot: 81314.01 | Perp: 81357.50
2026-09-21 10:58:27,692 [WARNING] 🔥 ENTRY SIGNAL | Venue: Hyperliquid | Smoothed Basis: 0.76 bps | Net Yield: 8.17% | Spot: 81314.01 | Perp: 81357.50
2026-09-21 10:58:27,698 [WARNING] 🔥 ENTRY SIGNAL | Venue: Hyperliquid | Smoothed Basis: 0.93 bps | Net Yield: 8.17% | Spot: 81314.01 | Perp: 81357.50
2026-09-21 10:58:27,702 [WARNING] 🔥 ENTRY SIGNAL | Venue: Hyperliquid | Smoothed Basis: 0.93 bps | Net Yield: 8.17% | Spot: 81314.01 | Perp: 81357.50
2026-09-21 10:58:27,710 [WARNING] 🔥 ENTRY SIGNAL | Venue: Hyperliquid | Smoothed Basis: 0.93 bps | Net Yield: 8.17% | Spot: 81314.01 | Perp: 81357.50
2026-09-21 10:58:27,718 [WARNING] 🔥 ENTRY SIGNAL | Venue: Hyperliquid | Smoothed Basis: 0.93 bps | Net Yield: 8.17% | Spot: 81314.01 | Perp: 81357.50
2026-09-21 10:58:27,721 [WARNING] 🔥 ENTRY SIGNAL | Venue: Hyperliquid | Smoothed Basis: 0.93 bps | Net Yield: 8.17% | Spot: 81314.01 | Perp: 81357.50
2026-09-21 10:58:27,724 [WARNING] 🔥 ENTRY SIGNAL | Venue: Hyperliquid | Smoothed Basis: 0.93 bps | Net Yield: 8.17% | Spot: 81314.01 | Perp: 81357.50
2026-09-21 10:58:27,729 [WARNING] 🔥 ENTRY SIGNAL | Venue: Hyperliquid | Smoothed Basis: 1.10 bps | Net Yield: 8.17% | Spot: 81314.01 | Perp: 81357.50
2026-09-21 10:58:27,737 [WARNING] 🔥 ENTRY SIGNAL | Venue: Hyperliquid | Smoothed Basis: 1.10 bps | Net Yield: 8.17% | Spot: 81314.01 | Perp: 81357.50
2026-09-21 10:58:27,739 [WARNING] 🔥 ENTRY SIGNAL | Venue: Hyperliquid | Smoothed Basis: 1.10 bps | Net Yield: 8.17% | Spot: 81314.01 | Perp: 81357.50
2026-09-21 10:58:27,741 [WARNING] 🔥 ENTRY SIGNAL | Venue: Hyperliquid | Smoothed Basis: 1.10 bps | Net Yield: 8.17% | Spot: 81314.01 | Perp: 81357.50
2026-09-21 10:58:27,745 [WARNING] 🔥 ENTRY SIGNAL | Venue: Hyperliquid | Smoothed Basis: 1.10 bps | Net Yield: 8.17% | Spot: 81314.01 | Perp: 81357.50
2026-09-21 10:58:27,925 [WARNING] 🔥 ENTRY SIGNAL | Venue: Hyperliquid | Smoothed Basis: 0.08 bps | Net Yield: 8.17% | Spot: 81314.01 | Perp: 81357.50
2026-09-21 10:58:27,927 [WARNING] 🔥 ENTRY SIGNAL | Venue: Hyperliquid | Smoothed Basis: 0.25 bps | Net Yield: 8.17% | Spot: 81314.01 | Perp: 81357.50
2026-09-21 10:58:27,930 [WARNING] 🔥 ENTRY SIGNAL | Venue: Hyperliquid | Smoothed Basis: 0.42 bps | Net Yield: 8.17% | Spot: 81314.01 | Perp: 81357.50
2026-09-21 10:58:27,936 [WARNING] 🔥 ENTRY SIGNAL | Venue: Hyperliquid | Smoothed Basis: 0.59 bps | Net Yield: 8.17% | Spot: 81314.01 | Perp: 81357.50
2026-09-21 10:58:27,938 [WARNING] 🔥 ENTRY SIGNAL | Venue: Hyperliquid | Smoothed Basis: 0.76 bps | Net Yield: 8.17% | Spot: 81314.01 | Perp: 81357.50
2026-09-21 10:58:27,941 [WARNING] 🔥 ENTRY SIGNAL | Venue: Hyperliquid | Smoothed Basis: 0.93 bps | Net Yield: 8.17% | Spot: 81314.01 | Perp: 81357.50
2026-09-21 10:58:27,945 [WARNING] 🔥 ENTRY SIGNAL | Venue: Hyperliquid | Smoothed Basis: 1.10 bps | Net Yield: 8.17% | Spot: 81314.01 | Perp: 81357.50
2026-09-21 10:58:27,947 [WARNING] 🔥 ENTRY SIGNAL | Venue: Hyperliquid | Smoothed Basis: 1.10 bps | Net Yield: 8.17% | Spot: 81314.01 | Perp: 81357.50
2026-09-21 10:58:27,950 [WARNING] 🔥 ENTRY SIGNAL | Venue: Hyperliquid | Smoothed Basis: 1.10 bps | Net Yield: 8.17% | Spot: 81314.01 | Perp: 81357.50
2026-09-21 10:58:27,952 [WARNING] 🔥 ENTRY SIGNAL | Venue: Hyperliquid | Smoothed Basis: 1.10 bps | Net Yield: 8.17% | Spot: 81314.01 | Perp: 81357.50
2026-09-21 10:58:27,957 [WARNING] 🔥 ENTRY SIGNAL | Venue: Hyperliquid | Smoothed Basis: 1.10 bps | Net Yield: 8.17% | Spot: 81314.01 | Perp: 81357.50
2026-09-21 10:58:27,960 [WARNING] 🔥 ENTRY SIGNAL | Venue: Hyperliquid | Smoothed Basis: 1.10 bps | Net Yield: 8.17% | Spot: 81314.01 | Perp: 81357.50
2026-09-21 10:58:27,964 [WARNING] 🔥 ENTRY SIGNAL | Venue: Hyperliquid | Smoothed Basis: 1.10 bps | Net Yield: 8.17% | Spot: 81314.01 | Perp: 81357.50
2026-09-21 10:58:27,966 [WARNING] 🔥 ENTRY SIGNAL | Venue: Hyperliquid | Smoothed Basis: 1.10 bps | Net Yield: 8.17% | Spot: 81314.01 | Perp: 81357.50
2026-09-21 10:58:27,975 [WARNING] 🔥 ENTRY SIGNAL | Venue: Hyperliquid | Smoothed Basis: 0.59 bps | Net Yield: 8.17% | Spot: 81314.01 | Perp: 81357.50
2026-09-21 10:58:27,978 [WARNING] 🔥 ENTRY SIGNAL | Venue: Hyperliquid | Smoothed Basis: 0.59 bps | Net Yield: 8.17% | Spot: 81314.01 | Perp: 81357.50
2026-09-21 10:58:27,981 [WARNING] 🔥 ENTRY SIGNAL | Venue: Hyperliquid | Smoothed Basis: 0.59 bps | Net Yield: 8.17% | Spot: 81314.01 | Perp: 81357.50
2026-09-21 10:58:27,984 [WARNING] 🔥 ENTRY SIGNAL | Venue: Hyperliquid | Smoothed Basis: 0.59 bps | Net Yield: 8.17% | Spot: 81314.01 | Perp: 81357.50
2026-09-21 10:58:27,986 [WARNING] 🔥 ENTRY SIGNAL | Venue: Hyperliquid | Smoothed Basis: 0.59 bps | Net Yield: 8.17% | Spot: 81314.01 | Perp: 81357.50
2026-09-21 10:58:27,988 [WARNING] 🔥 ENTRY SIGNAL | Venue: Hyperliquid | Smoothed Basis: 0.59 bps | Net Yield: 8.17% | Spot: 81314.01 | Perp: 81357.50
2026-09-21 10:58:27,992 [WARNING] 🔥 ENTRY SIGNAL | Venue: Hyperliquid | Smoothed Basis: 0.59 bps | Net Yield: 8.17% | Spot: 81314.01 | Perp: 81357.50
2026-09-21 10:58:28,006 [WARNING] 🔥 ENTRY SIGNAL | Venue: Hyperliquid | Smoothed Basis: 0.59 bps | Net Yield: 8.17% | Spot: 81314.01 | Perp: 81357.50
2026-09-21 10:58:28,017 [WARNING] 🔥 ENTRY SIGNAL | Venue: Hyperliquid | Smoothed Basis: 0.59 bps | Net Yield: 8.17% | Spot: 81314.01 | Perp: 81357.50
2026-09-21 10:58:28,027 [WARNING] 🔥 ENTRY SIGNAL | Venue: Hyperliquid | Smoothed Basis: 0.59 bps | Net Yield: 8.17% | Spot: 81314.01 | Perp: 81357.50
2026-09-21 10:58:28,029 [WARNING] 🔥 ENTRY SIGNAL | Venue: Hyperliquid | Smoothed Basis: 0.59 bps | Net Yield: 8.17% | Spot: 81314.01 | Perp: 81357.50
2026-09-21 10:58:28,031 [WARNING] 🔥 ENTRY SIGNAL | Venue: Hyperliquid | Smoothed Basis: 0.59 bps | Net Yield: 8.17% | Spot: 81314.01 | Perp: 81357.50
2026-09-21 10:58:28,032 [WARNING] 🔥 ENTRY SIGNAL | Venue: Hyperliquid | Smoothed Basis: 0.59 bps | Net Yield: 8.17% | Spot: 81314.01 | Perp: 81357.50
2026-09-21 10:58:28,035 [WARNING] 🔥 ENTRY SIGNAL | Venue: Hyperliquid | Smoothed Basis: 0.59 bps | Net Yield: 8.17% | Spot: 81314.01 | Perp: 81357.50
2026-09-21 10:58:28,038 [WARNING] 🔥 ENTRY SIGNAL | Venue: Hyperliquid | Smoothed Basis: 0.59 bps | Net Yield: 8.17% | Spot: 81314.01 | Perp: 81357.50
2026-09-21 10:58:28,040 [WARNING] 🔥 ENTRY SIGNAL | Venue: Hyperliquid | Smoothed Basis: 0.59 bps | Net Yield: 8.17% | Spot: 81314.01 | Perp: 81357.50
2026-09-21 10:58:28,044 [WARNING] 🔥 ENTRY SIGNAL | Venue: Hyperliquid | Smoothed Basis: 0.59 bps | Net Yield: 8.17% | Spot: 81314.01 | Perp: 81357.50
2026-09-21 10:58:28,045 [WARNING] 🔥 ENTRY SIGNAL | Venue: Hyperliquid | Smoothed Basis: 0.59 bps | Net Yield: 8.17% | Spot: 81314.01 | Perp: 81357.50
2026-09-21 10:58:28,048 [WARNING] 🔥 ENTRY SIGNAL | Venue: Hyperliquid | Smoothed Basis: 0.59 bps | Net Yield: 8.17% | Spot: 81314.01 | Perp: 81357.50
2026-09-21 10:58:28,050 [WARNING] 🔥 ENTRY SIGNAL | Venue: Hyperliquid | Smoothed Basis: 0.59 bps | Net Yield: 8.17% | Spot: 81314.01 | Perp: 81357.50
2026-09-21 10:58:28,052 [WARNING] 🔥 ENTRY SIGNAL | Venue: Hyperliquid | Smoothed Basis: 0.59 bps | Net Yield: 8.17% | Spot: 81314.01 | Perp: 81357.50
2026-09-21 10:58:28,056 [WARNING] 🔥 ENTRY SIGNAL | Venue: Hyperliquid | Smoothed Basis: 0.59 bps | Net Yield: 8.17% | Spot: 81314.01 | Perp: 81357.50
2026-09-21 10:58:28,057 [WARNING] 🔥 ENTRY SIGNAL | Venue: Hyperliquid | Smoothed Basis: 0.76 bps | Net Yield: 8.17% | Spot: 81314.01 | Perp: 81357.50
2026-09-21 10:58:28,059 [WARNING] 🔥 ENTRY SIGNAL | Venue: Hyperliquid | Smoothed Basis: 0.93 bps | Net Yield: 8.17% | Spot: 81314.01 | Perp: 81357.50
2026-09-21 10:58:28,061 [WARNING] 🔥 ENTRY SIGNAL | Venue: Hyperliquid | Smoothed Basis: 1.10 bps | Net Yield: 8.17% | Spot: 81314.01 | Perp: 81357.50
2026-09-21 10:58:28,063 [WARNING] 🔥 ENTRY SIGNAL | Venue: Hyperliquid | Smoothed Basis: 1.10 bps | Net Yield: 8.17% | Spot: 81314.01 | Perp: 81357.50
2026-09-21 10:58:28,065 [WARNING] 🔥 ENTRY SIGNAL | Venue: Hyperliquid | Smoothed Basis: 1.10 bps | Net Yield: 8.17% | Spot: 81314.01 | Perp: 81357.50
2026-09-21 10:58:28,067 [WARNING] 🔥 ENTRY SIGNAL | Venue: Hyperliquid | Smoothed Basis: 1.10 bps | Net Yield: 8.17% | Spot: 81314.01 | Perp: 81357.50
2026-09-21 10:58:28,069 [WARNING] 🔥 ENTRY SIGNAL | Venue: Hyperliquid | Smoothed Basis: 1.10 bps | Net Yield: 8.17% | Spot: 81314.01 | Perp: 81357.50
2026-09-21 10:58:28,071 [WARNING] 🔥 ENTRY SIGNAL | Venue: Hyperliquid | Smoothed Basis: 1.10 bps | Net Yield: 8.17% | Spot: 81314.01 | Perp: 81357.50
2026-09-21 10:58:28,073 [WARNING] 🔥 ENTRY SIGNAL | Venue: Hyperliquid | Smoothed Basis: 1.10 bps | Net Yield: 8.17% | Spot: 81314.01 | Perp: 81357.50
2026-09-21 10:58:28,074 [WARNING] 🔥 ENTRY SIGNAL | Venue: Hyperliquid | Smoothed Basis: 1.10 bps | Net Yield: 8.17% | Spot: 81314.01 | Perp: 81357.50
2026-09-21 10:58:28,251 [WARNING] 🔥 ENTRY SIGNAL | Venue: Hyperliquid | Smoothed Basis: 0.08 bps | Net Yield: 8.17% | Spot: 81314.01 | Perp: 81357.50
2026-09-21 10:58:28,275 [WARNING] 🔥 ENTRY SIGNAL | Venue: Hyperliquid | Smoothed Basis: 0.08 bps | Net Yield: 8.17% | Spot: 81314.01 | Perp: 81357.50
2026-09-21 10:58:28,277 [WARNING] 🔥 ENTRY SIGNAL | Venue: Hyperliquid | Smoothed Basis: 0.08 bps | Net Yield: 8.17% | Spot: 81314.01 | Perp: 81357.50
2026-09-21 10:58:28,279 [WARNING] 🔥 ENTRY SIGNAL | Venue: Hyperliquid | Smoothed Basis: 0.25 bps | Net Yield: 8.17% | Spot: 81314.01 | Perp: 81357.50
2026-09-21 10:58:28,281 [WARNING] 🔥 ENTRY SIGNAL | Venue: Hyperliquid | Smoothed Basis: 0.42 bps | Net Yield: 8.17% | Spot: 81314.01 | Perp: 81357.50
2026-09-21 10:58:28,283 [WARNING] 🔥 ENTRY SIGNAL | Venue: Hyperliquid | Smoothed Basis: 0.42 bps | Net Yield: 8.17% | Spot: 81314.01 | Perp: 81357.50
2026-09-21 10:58:28,285 [WARNING] 🔥 ENTRY SIGNAL | Venue: Hyperliquid | Smoothed Basis: 0.25 bps | Net Yield: 8.17% | Spot: 81314.01 | Perp: 81357.50
2026-09-21 10:58:28,287 [WARNING] 🔥 ENTRY SIGNAL | Venue: Hyperliquid | Smoothed Basis: 0.25 bps | Net Yield: 8.17% | Spot: 81314.01 | Perp: 81357.50
2026-09-21 10:58:28,289 [WARNING] 🔥 ENTRY SIGNAL | Venue: Hyperliquid | Smoothed Basis: 0.25 bps | Net Yield: 8.17% | Spot: 81314.01 | Perp: 81357.50
2026-09-21 10:58:28,291 [WARNING] 🔥 ENTRY SIGNAL | Venue: Hyperliquid | Smoothed Basis: 0.42 bps | Net Yield: 8.17% | Spot: 81314.01 | Perp: 81357.50
2026-09-21 10:58:28,294 [WARNING] 🔥 ENTRY SIGNAL | Venue: Hyperliquid | Smoothed Basis: 0.59 bps | Net Yield: 8.17% | Spot: 81314.01 | Perp: 81357.50
2026-09-21 10:58:28,302 [WARNING] 🔥 ENTRY SIGNAL | Venue: Hyperliquid | Smoothed Basis: 0.08 bps | Net Yield: 8.17% | Spot: 81314.01 | Perp: 81357.50
2026-09-21 10:58:28,306 [WARNING] 🔥 ENTRY SIGNAL | Venue: Hyperliquid | Smoothed Basis: 0.25 bps | Net Yield: 8.17% | Spot: 81314.01 | Perp: 81357.50
2026-09-21 10:58:28,307 [WARNING] 🔥 ENTRY SIGNAL | Venue: Hyperliquid | Smoothed Basis: 0.42 bps | Net Yield: 8.17% | Spot: 81314.01 | Perp: 81357.50
2026-09-21 10:58:28,310 [WARNING] 🔥 ENTRY SIGNAL | Venue: Hyperliquid | Smoothed Basis: 0.42 bps | Net Yield: 8.17% | Spot: 81314.01 | Perp: 81357.50
2026-09-21 10:58:28,311 [WARNING] 🔥 ENTRY SIGNAL | Venue: Hyperliquid | Smoothed Basis: 0.42 bps | Net Yield: 8.17% | Spot: 81314.01 | Perp: 81357.50
2026-09-21 10:58:28,314 [WARNING] 🔥 ENTRY SIGNAL | Venue: Hyperliquid | Smoothed Basis: 0.42 bps | Net Yield: 8.17% | Spot: 81314.01 | Perp: 81357.50
2026-09-21 10:58:28,315 [WARNING] 🔥 ENTRY SIGNAL | Venue: Hyperliquid | Smoothed Basis: 0.42 bps | Net Yield: 8.17% | Spot: 81314.01 | Perp: 81357.50
2026-09-21 10:58:28,317 [WARNING] 🔥 ENTRY SIGNAL | Venue: Hyperliquid | Smoothed Basis: 0.42 bps | Net Yield: 8.17% | Spot: 81314.01 | Perp: 81357.50
2026-09-21 10:58:28,319 [WARNING] 🔥 ENTRY SIGNAL | Venue: Hyperliquid | Smoothed Basis: 0.42 bps | Net Yield: 8.17% | Spot: 81314.01 | Perp: 81357.50
2026-09-21 10:58:28,321 [WARNING] 🔥 ENTRY SIGNAL | Venue: Hyperliquid | Smoothed Basis: 0.42 bps | Net Yield: 8.17% | Spot: 81314.01 | Perp: 81357.50
2026-09-21 10:58:28,323 [WARNING] 🔥 ENTRY SIGNAL | Venue: Hyperliquid | Smoothed Basis: 0.42 bps | Net Yield: 8.17% | Spot: 81314.01 | Perp: 81357.50
2026-09-21 10:58:28,325 [WARNING] 🔥 ENTRY SIGNAL | Venue: Hyperliquid | Smoothed Basis: 0.42 bps | Net Yield: 8.17% | Spot: 81314.01 | Perp: 81357.50
2026-09-21 10:58:28,328 [WARNING] 🔥 ENTRY SIGNAL | Venue: Hyperliquid | Smoothed Basis: 0.25 bps | Net Yield: 8.17% | Spot: 81314.01 | Perp: 81357.50
2026-09-21 10:58:28,329 [WARNING] 🔥 ENTRY SIGNAL | Venue: Hyperliquid | Smoothed Basis: 0.25 bps | Net Yield: 8.17% | Spot: 81314.01 | Perp: 81357.50
2026-09-21 10:58:28,331 [WARNING] 🔥 ENTRY SIGNAL | Venue: Hyperliquid | Smoothed Basis: 0.25 bps | Net Yield: 8.17% | Spot: 81314.01 | Perp: 81357.50
2026-09-21 10:58:28,384 [WARNING] 🔥 ENTRY SIGNAL | Venue: Hyperliquid | Smoothed Basis: 0.08 bps | Net Yield: 8.17% | Spot: 81314.01 | Perp: 81357.50
2026-09-21 10:58:28,386 [WARNING] 🔥 ENTRY SIGNAL | Venue: Hyperliquid | Smoothed Basis: 0.25 bps | Net Yield: 8.17% | Spot: 81314.01 | Perp: 81357.50
2026-09-21 10:58:28,389 [WARNING] 🔥 ENTRY SIGNAL | Venue: Hyperliquid | Smoothed Basis: 0.42 bps | Net Yield: 8.17% | Spot: 81314.01 | Perp: 81357.50
2026-09-21 10:58:28,390 [WARNING] 🔥 ENTRY SIGNAL | Venue: Hyperliquid | Smoothed Basis: 0.59 bps | Net Yield: 8.17% | Spot: 81314.01 | Perp: 81357.50
2026-09-21 10:58:28,392 [WARNING] 🔥 ENTRY SIGNAL | Venue: Hyperliquid | Smoothed Basis: 0.59 bps | Net Yield: 8.17% | Spot: 81314.01 | Perp: 81357.50
2026-09-21 10:58:28,393 [WARNING] 🔥 ENTRY SIGNAL | Venue: Hyperliquid | Smoothed Basis: 0.76 bps | Net Yield: 8.17% | Spot: 81314.01 | Perp: 81357.50
2026-09-21 10:58:28,396 [WARNING] 🔥 ENTRY SIGNAL | Venue: Hyperliquid | Smoothed Basis: 0.93 bps | Net Yield: 8.17% | Spot: 81314.01 | Perp: 81357.50
2026-09-21 10:58:28,398 [WARNING] 🔥 ENTRY SIGNAL | Venue: Hyperliquid | Smoothed Basis: 1.10 bps | Net Yield: 8.17% | Spot: 81314.01 | Perp: 81357.50
2026-09-21 10:58:28,400 [WARNING] 🔥 ENTRY SIGNAL | Venue: Hyperliquid | Smoothed Basis: 1.10 bps | Net Yield: 8.17% | Spot: 81314.01 | Perp: 81357.50
2026-09-21 10:58:28,401 [WARNING] 🔥 ENTRY SIGNAL | Venue: Hyperliquid | Smoothed Basis: 1.10 bps | Net Yield: 8.17% | Spot: 81314.01 | Perp: 81357.50
2026-09-21 10:58:28,402 [WARNING] 🔥 ENTRY SIGNAL | Venue: Hyperliquid | Smoothed Basis: 1.10 bps | Net Yield: 8.17% | Spot: 81314.01 | Perp: 81357.50
2026-09-21 10:58:28,404 [WARNING] 🔥 ENTRY SIGNAL | Venue: Hyperliquid | Smoothed Basis: 1.10 bps | Net Yield: 8.17% | Spot: 81314.01 | Perp: 81357.50
2026-09-21 10:58:28,406 [WARNING] 🔥 ENTRY SIGNAL | Venue: Hyperliquid | Smoothed Basis: 1.10 bps | Net Yield: 8.17% | Spot: 81314.01 | Perp: 81357.50
2026-09-21 10:58:28,408 [WARNING] 🔥 ENTRY SIGNAL | Venue: Hyperliquid | Smoothed Basis: 1.10 bps | Net Yield: 8.17% | Spot: 81314.01 | Perp: 81357.50
2026-09-21 10:58:28,410 [WARNING] 🔥 ENTRY SIGNAL | Venue: Hyperliquid | Smoothed Basis: 1.10 bps | Net Yield: 8.17% | Spot: 81314.01 | Perp: 81357.50
2026-09-21 10:58:28,413 [WARNING] 🔥 ENTRY SIGNAL | Venue: Hyperliquid | Smoothed Basis: 1.10 bps | Net Yield: 8.17% | Spot: 81314.01 | Perp: 81357.50
2026-09-21 10:58:28,414 [WARNING] 🔥 ENTRY SIGNAL | Venue: Hyperliquid | Smoothed Basis: 1.10 bps | Net Yield: 8.17% | Spot: 81314.01 | Perp: 81357.50
2026-09-21 10:58:28,427 [WARNING] 🔥 ENTRY SIGNAL | Venue: Hyperliquid | Smoothed Basis: 0.08 bps | Net Yield: 8.17% | Spot: 81314.01 | Perp: 81357.50
2026-09-21 10:58:28,430 [WARNING] 🔥 ENTRY SIGNAL | Venue: Hyperliquid | Smoothed Basis: 0.08 bps | Net Yield: 8.17% | Spot: 81314.01 | Perp: 81357.50
2026-09-21 10:58:30,693 [WARNING] 🔥 ENTRY SIGNAL | Venue: Hyperliquid | Smoothed Basis: 0.08 bps | Net Yield: 8.17% | Spot: 81314.01 | Perp: 81357.50
2026-09-21 10:58:30,694 [WARNING] 🔥 ENTRY SIGNAL | Venue: Hyperliquid | Smoothed Basis: 0.08 bps | Net Yield: 8.17% | Spot: 81314.01 | Perp: 81357.50
2026-09-21 10:58:30,696 [WARNING] 🔥 ENTRY SIGNAL | Venue: Hyperliquid | Smoothed Basis: 0.08 bps | Net Yield: 8.17% | Spot: 81314.01 | Perp: 81357.50
2026-09-21 10:58:30,698 [WARNING] 🔥 ENTRY SIGNAL | Venue: Hyperliquid | Smoothed Basis: 0.25 bps | Net Yield: 8.17% | Spot: 81314.01 | Perp: 81357.50
2026-09-21 10:58:30,703 [WARNING] 🔥 ENTRY SIGNAL | Venue: Hyperliquid | Smoothed Basis: 0.42 bps | Net Yield: 8.17% | Spot: 81314.01 | Perp: 81357.50
2026-09-21 10:58:30,705 [WARNING] 🔥 ENTRY SIGNAL | Venue: Hyperliquid | Smoothed Basis: 0.42 bps | Net Yield: 8.17% | Spot: 81314.01 | Perp: 81357.50
2026-09-21 10:58:30,708 [WARNING] 🔥 ENTRY SIGNAL | Venue: Hyperliquid | Smoothed Basis: 0.42 bps | Net Yield: 8.17% | Spot: 81314.01 | Perp: 81357.50
2026-09-21 10:58:30,710 [WARNING] 🔥 ENTRY SIGNAL | Venue: Hyperliquid | Smoothed Basis: 0.42 bps | Net Yield: 8.17% | Spot: 81314.01 | Perp: 81357.50
2026-09-21 10:58:30,711 [WARNING] 🔥 ENTRY SIGNAL | Venue: Hyperliquid | Smoothed Basis: 0.59 bps | Net Yield: 8.17% | Spot: 81314.01 | Perp: 81357.50
2026-09-21 10:58:30,722 [WARNING] 🔥 ENTRY SIGNAL | Venue: Hyperliquid | Smoothed Basis: 0.76 bps | Net Yield: 8.17% | Spot: 81314.01 | Perp: 81357.50
2026-09-21 10:58:30,728 [WARNING] 🔥 ENTRY SIGNAL | Venue: Hyperliquid | Smoothed Basis: 0.93 bps | Net Yield: 8.17% | Spot: 81314.01 | Perp: 81357.50
2026-09-21 10:58:30,734 [WARNING] 🔥 ENTRY SIGNAL | Venue: Hyperliquid | Smoothed Basis: 0.93 bps | Net Yield: 8.17% | Spot: 81314.01 | Perp: 81357.50
2026-09-21 10:58:30,736 [WARNING] 🔥 ENTRY SIGNAL | Venue: Hyperliquid | Smoothed Basis: 0.93 bps | Net Yield: 8.17% | Spot: 81314.01 | Perp: 81357.50
2026-09-21 10:58:30,741 [WARNING] 🔥 ENTRY SIGNAL | Venue: Hyperliquid | Smoothed Basis: 1.10 bps | Net Yield: 8.17% | Spot: 81314.01 | Perp: 81357.50
2026-09-21 10:58:30,747 [WARNING] 🔥 ENTRY SIGNAL | Venue: Hyperliquid | Smoothed Basis: 1.10 bps | Net Yield: 8.17% | Spot: 81314.01 | Perp: 81357.50
2026-09-21 10:58:30,754 [WARNING] 🔥 ENTRY SIGNAL | Venue: Hyperliquid | Smoothed Basis: 1.10 bps | Net Yield: 8.17% | Spot: 81314.01 | Perp: 81357.50
2026-09-21 10:58:30,759 [WARNING] 🔥 ENTRY SIGNAL | Venue: Hyperliquid | Smoothed Basis: 1.10 bps | Net Yield: 8.17% | Spot: 81314.01 | Perp: 81357.50
2026-09-21 10:58:30,762 [WARNING] 🔥 ENTRY SIGNAL | Venue: Hyperliquid | Smoothed Basis: 1.10 bps | Net Yield: 8.17% | Spot: 81314.01 | Perp: 81357.50
2026-09-21 10:58:30,766 [WARNING] 🔥 ENTRY SIGNAL | Venue: Hyperliquid | Smoothed Basis: 1.10 bps | Net Yield: 8.17% | Spot: 81314.01 | Perp: 81357.50
2026-09-21 10:58:30,769 [WARNING] 🔥 ENTRY SIGNAL | Venue: Hyperliquid | Smoothed Basis: 1.10 bps | Net Yield: 8.17% | Spot: 81314.01 | Perp: 81357.50
2026-09-21 10:58:30,771 [WARNING] 🔥 ENTRY SIGNAL | Venue: Hyperliquid | Smoothed Basis: 1.10 bps | Net Yield: 8.17% | Spot: 81314.01 | Perp: 81357.50
2026-09-21 10:58:30,775 [WARNING] 🔥 ENTRY SIGNAL | Venue: Hyperliquid | Smoothed Basis: 1.10 bps | Net Yield: 8.17% | Spot: 81314.01 | Perp: 81357.50
2026-09-21 10:58:30,778 [WARNING] 🔥 ENTRY SIGNAL | Venue: Hyperliquid | Smoothed Basis: 1.10 bps | Net Yield: 8.17% | Spot: 81314.01 | Perp: 81357.50
2026-09-21 10:58:30,780 [WARNING] 🔥 ENTRY SIGNAL | Venue: Hyperliquid | Smoothed Basis: 1.10 bps | Net Yield: 8.17% | Spot: 81314.01 | Perp: 81357.50
2026-09-21 10:58:30,785 [WARNING] 🔥 ENTRY SIGNAL | Venue: Hyperliquid | Smoothed Basis: 1.10 bps | Net Yield: 8.17% | Spot: 81314.01 | Perp: 81357.50
2026-09-21 10:58:30,787 [WARNING] 🔥 ENTRY SIGNAL | Venue: Hyperliquid | Smoothed Basis: 1.10 bps | Net Yield: 8.17% | Spot: 81314.01 | Perp: 81357.50
2026-09-21 10:58:30,790 [WARNING] 🔥 ENTRY SIGNAL | Venue: Hyperliquid | Smoothed Basis: 1.10 bps | Net Yield: 8.17% | Spot: 81314.01 | Perp: 81357.50
2026-09-21 10:58:30,792 [WARNING] 🔥 ENTRY SIGNAL | Venue: Hyperliquid | Smoothed Basis: 1.10 bps | Net Yield: 8.17% | Spot: 81314.01 | Perp: 81357.50
2026-09-21 10:58:30,795 [WARNING] 🔥 ENTRY SIGNAL | Venue: Hyperliquid | Smoothed Basis: 1.10 bps | Net Yield: 8.17% | Spot: 81314.01 | Perp: 81357.50
2026-09-21 10:58:30,797 [WARNING] 🔥 ENTRY SIGNAL | Venue: Hyperliquid | Smoothed Basis: 1.10 bps | Net Yield: 8.17% | Spot: 81314.01 | Perp: 81357.50
2026-09-21 10:58:30,885 [WARNING] 🔥 ENTRY SIGNAL | Venue: Hyperliquid | Smoothed Basis: 0.11 bps | Net Yield: 8.17% | Spot: 81314.01 | Perp: 81357.50
2026-09-21 10:58:30,888 [WARNING] 🔥 ENTRY SIGNAL | Venue: Hyperliquid | Smoothed Basis: 0.29 bps | Net Yield: 8.17% | Spot: 81314.01 | Perp: 81357.50
2026-09-21 10:58:30,890 [WARNING] 🔥 ENTRY SIGNAL | Venue: Hyperliquid | Smoothed Basis: 0.47 bps | Net Yield: 8.17% | Spot: 81314.01 | Perp: 81357.50
2026-09-21 10:58:30,893 [WARNING] 🔥 ENTRY SIGNAL | Venue: Hyperliquid | Smoothed Basis: 0.65 bps | Net Yield: 8.17% | Spot: 81314.01 | Perp: 81357.50
2026-09-21 10:58:30,894 [WARNING] 🔥 ENTRY SIGNAL | Venue: Hyperliquid | Smoothed Basis: 0.83 bps | Net Yield: 8.17% | Spot: 81314.01 | Perp: 81357.50
2026-09-21 10:58:30,915 [WARNING] 🔥 ENTRY SIGNAL | Venue: Hyperliquid | Smoothed Basis: 0.83 bps | Net Yield: 8.17% | Spot: 81314.01 | Perp: 81357.50
2026-09-21 10:58:30,930 [WARNING] 🔥 ENTRY SIGNAL | Venue: Hyperliquid | Smoothed Basis: 0.83 bps | Net Yield: 8.17% | Spot: 81314.01 | Perp: 81357.50
2026-09-21 10:58:30,932 [WARNING] 🔥 ENTRY SIGNAL | Venue: Hyperliquid | Smoothed Basis: 0.83 bps | Net Yield: 8.17% | Spot: 81314.01 | Perp: 81357.50
2026-09-21 10:58:30,934 [WARNING] 🔥 ENTRY SIGNAL | Venue: Hyperliquid | Smoothed Basis: 0.83 bps | Net Yield: 8.17% | Spot: 81314.01 | Perp: 81357.50
2026-09-21 10:58:33,230 [WARNING] 🔥 ENTRY SIGNAL | Venue: Hyperliquid | Smoothed Basis: 0.11 bps | Net Yield: 8.17% | Spot: 81314.01 | Perp: 81357.50
2026-09-21 10:58:33,232 [WARNING] 🔥 ENTRY SIGNAL | Venue: Hyperliquid | Smoothed Basis: 0.11 bps | Net Yield: 8.17% | Spot: 81314.01 | Perp: 81357.50
2026-09-21 10:58:33,259 [WARNING] 🔥 ENTRY SIGNAL | Venue: Hyperliquid | Smoothed Basis: 0.11 bps | Net Yield: 8.17% | Spot: 81314.01 | Perp: 81357.50
2026-09-21 10:58:33,374 [WARNING] 🔥 ENTRY SIGNAL | Venue: Hyperliquid | Smoothed Basis: 0.29 bps | Net Yield: 8.17% | Spot: 81314.01 | Perp: 81357.50
2026-09-21 10:58:33,663 [WARNING] 🔥 ENTRY SIGNAL | Venue: Hyperliquid | Smoothed Basis: 0.11 bps | Net Yield: 8.17% | Spot: 81314.01 | Perp: 81357.50
2026-09-21 10:58:33,681 [WARNING] 🔥 ENTRY SIGNAL | Venue: Hyperliquid | Smoothed Basis: 0.11 bps | Net Yield: 8.17% | Spot: 81314.01 | Perp: 81357.50
2026-09-21 10:58:35,433 [WARNING] 🔥 ENTRY SIGNAL | Venue: Hyperliquid | Smoothed Basis: 0.11 bps | Net Yield: 8.17% | Spot: 81314.01 | Perp: 81357.50
2026-09-21 10:58:35,437 [WARNING] 🔥 ENTRY SIGNAL | Venue: Hyperliquid | Smoothed Basis: 0.29 bps | Net Yield: 8.17% | Spot: 81314.01 | Perp: 81357.50
2026-09-21 10:58:35,442 [WARNING] 🔥 ENTRY SIGNAL | Venue: Hyperliquid | Smoothed Basis: 0.29 bps | Net Yield: 8.17% | Spot: 81314.01 | Perp: 81357.50
2026-09-21 10:58:35,448 [WARNING] 🔥 ENTRY SIGNAL | Venue: Hyperliquid | Smoothed Basis: 0.29 bps | Net Yield: 8.17% | Spot: 81314.01 | Perp: 81357.50
2026-09-21 10:58:35,450 [WARNING] 🔥 ENTRY SIGNAL | Venue: Hyperliquid | Smoothed Basis: 0.29 bps | Net Yield: 8.17% | Spot: 81314.01 | Perp: 81357.50
2026-09-21 10:58:35,452 [WARNING] 🔥 ENTRY SIGNAL | Venue: Hyperliquid | Smoothed Basis: 0.47 bps | Net Yield: 8.17% | Spot: 81314.01 | Perp: 81357.50
2026-09-21 10:58:35,457 [WARNING] 🔥 ENTRY SIGNAL | Venue: Hyperliquid | Smoothed Basis: 0.65 bps | Net Yield: 8.17% | Spot: 81314.01 | Perp: 81357.50
2026-09-21 10:58:35,463 [WARNING] 🔥 ENTRY SIGNAL | Venue: Hyperliquid | Smoothed Basis: 0.65 bps | Net Yield: 8.17% | Spot: 81314.01 | Perp: 81357.50
2026-09-21 10:58:35,480 [WARNING] 🔥 ENTRY SIGNAL | Venue: Hyperliquid | Smoothed Basis: 0.65 bps | Net Yield: 8.17% | Spot: 81314.01 | Perp: 81357.50
2026-09-21 10:58:35,545 [WARNING] 🔥 ENTRY SIGNAL | Venue: Hyperliquid | Smoothed Basis: 0.65 bps | Net Yield: 8.17% | Spot: 81314.01 | Perp: 81357.50
2026-09-21 10:58:36,078 [WARNING] 🔥 ENTRY SIGNAL | Venue: Hyperliquid | Smoothed Basis: 0.11 bps | Net Yield: 8.17% | Spot: 81314.01 | Perp: 81357.50
2026-09-21 10:58:36,079 [WARNING] 🔥 ENTRY SIGNAL | Venue: Hyperliquid | Smoothed Basis: 0.11 bps | Net Yield: 8.17% | Spot: 81314.01 | Perp: 81357.50
2026-09-21 10:58:36,080 [WARNING] 🔥 ENTRY SIGNAL | Venue: Hyperliquid | Smoothed Basis: 0.11 bps | Net Yield: 8.17% | Spot: 81314.01 | Perp: 81357.50
2026-09-21 10:58:36,081 [WARNING] 🔥 ENTRY SIGNAL | Venue: Hyperliquid | Smoothed Basis: 0.11 bps | Net Yield: 8.17% | Spot: 81314.01 | Perp: 81357.50
2026-09-21 10:58:36,083 [WARNING] 🔥 ENTRY SIGNAL | Venue: Hyperliquid | Smoothed Basis: 0.11 bps | Net Yield: 8.17% | Spot: 81314.01 | Perp: 81357.50
2026-09-21 10:58:36,084 [WARNING] 🔥 ENTRY SIGNAL | Venue: Hyperliquid | Smoothed Basis: 0.11 bps | Net Yield: 8.17% | Spot: 81314.01 | Perp: 81357.50
2026-09-21 10:58:36,087 [WARNING] 🔥 ENTRY SIGNAL | Venue: Hyperliquid | Smoothed Basis: 0.11 bps | Net Yield: 8.17% | Spot: 81314.01 | Perp: 81357.50
2026-09-21 10:58:36,088 [WARNING] 🔥 ENTRY SIGNAL | Venue: Hyperliquid | Smoothed Basis: 0.11 bps | Net Yield: 8.17% | Spot: 81314.01 | Perp: 81357.50
2026-09-21 10:58:36,090 [WARNING] 🔥 ENTRY SIGNAL | Venue: Hyperliquid | Smoothed Basis: 0.11 bps | Net Yield: 8.17% | Spot: 81314.01 | Perp: 81357.50
2026-09-21 10:58:36,092 [WARNING] 🔥 ENTRY SIGNAL | Venue: Hyperliquid | Smoothed Basis: 0.29 bps | Net Yield: 8.17% | Spot: 81314.01 | Perp: 81357.50
2026-09-21 10:58:36,404 [WARNING] 🔥 ENTRY SIGNAL | Venue: Hyperliquid | Smoothed Basis: 0.11 bps | Net Yield: 8.17% | Spot: 81314.01 | Perp: 81357.50
2026-09-21 10:58:36,407 [WARNING] 🔥 ENTRY SIGNAL | Venue: Hyperliquid | Smoothed Basis: 0.11 bps | Net Yield: 8.17% | Spot: 81314.01 | Perp: 81357.50
2026-09-21 10:58:36,410 [WARNING] 🔥 ENTRY SIGNAL | Venue: Hyperliquid | Smoothed Basis: 0.11 bps | Net Yield: 8.17% | Spot: 81314.01 | Perp: 81357.50
2026-09-21 10:58:36,411 [WARNING] 🔥 ENTRY SIGNAL | Venue: Hyperliquid | Smoothed Basis: 0.11 bps | Net Yield: 8.17% | Spot: 81314.01 | Perp: 81357.50
2026-09-21 10:58:36,481 [WARNING] 🔥 ENTRY SIGNAL | Venue: Hyperliquid | Smoothed Basis: 0.11 bps | Net Yield: 8.17% | Spot: 81314.01 | Perp: 81357.50
2026-09-21 10:58:36,511 [WARNING] 🔥 ENTRY SIGNAL | Venue: Hyperliquid | Smoothed Basis: 0.11 bps | Net Yield: 8.17% | Spot: 81314.01 | Perp: 81357.50
2026-09-21 10:58:36,569 [WARNING] 🔥 ENTRY SIGNAL | Venue: Hyperliquid | Smoothed Basis: 0.29 bps | Net Yield: 8.17% | Spot: 81314.01 | Perp: 81357.50
2026-09-21 10:58:36,767 [WARNING] 🔥 ENTRY SIGNAL | Venue: Hyperliquid | Smoothed Basis: 0.11 bps | Net Yield: 8.17% | Spot: 81314.01 | Perp: 81357.50
2026-09-21 10:58:38,274 [WARNING] 🔥 ENTRY SIGNAL | Venue: Hyperliquid | Smoothed Basis: 0.11 bps | Net Yield: 8.17% | Spot: 81314.01 | Perp: 81357.50
2026-09-21 10:58:38,304 [WARNING] 🔥 ENTRY SIGNAL | Venue: Hyperliquid | Smoothed Basis: 0.11 bps | Net Yield: 8.17% | Spot: 81314.01 | Perp: 81357.50
2026-09-21 10:58:38,309 [WARNING] 🔥 ENTRY SIGNAL | Venue: Hyperliquid | Smoothed Basis: 0.11 bps | Net Yield: 8.17% | Spot: 81314.01 | Perp: 81357.50
2026-09-21 10:58:38,310 [WARNING] 🔥 ENTRY SIGNAL | Venue: Hyperliquid | Smoothed Basis: 0.11 bps | Net Yield: 8.17% | Spot: 81314.01 | Perp: 81357.50
2026-09-21 10:58:38,312 [WARNING] 🔥 ENTRY SIGNAL | Venue: Hyperliquid | Smoothed Basis: 0.11 bps | Net Yield: 8.17% | Spot: 81314.01 | Perp: 81357.50
2026-09-21 10:58:38,313 [WARNING] 🔥 ENTRY SIGNAL | Venue: Hyperliquid | Smoothed Basis: 0.11 bps | Net Yield: 8.17% | Spot: 81314.01 | Perp: 81357.50
2026-09-21 10:58:38,320 [WARNING] 🔥 ENTRY SIGNAL | Venue: Hyperliquid | Smoothed Basis: 0.11 bps | Net Yield: 8.17% | Spot: 81314.01 | Perp: 81357.50
2026-09-21 10:58:38,531 [WARNING] 🔥 ENTRY SIGNAL | Venue: Hyperliquid | Smoothed Basis: 0.11 bps | Net Yield: 8.17% | Spot: 81314.01 | Perp: 81357.50
2026-09-21 10:58:38,559 [WARNING] 🔥 ENTRY SIGNAL | Venue: Hyperliquid | Smoothed Basis: 0.11 bps | Net Yield: 8.17% | Spot: 81314.01 | Perp: 81357.50
2026-09-21 10:58:38,680 [WARNING] 🔥 ENTRY SIGNAL | Venue: Hyperliquid | Smoothed Basis: 0.11 bps | Net Yield: 8.17% | Spot: 81314.01 | Perp: 81357.50
2026-09-21 10:58:51,570 [INFO] Streams disconnected.
